basis_id,degree_id,tex_label,beta_c1,beta_c2,beta_c3,parity,index_in_parity,basis_status,parity_source,provenance_kind,provenance_note,computation_hash
2a_12.even.001,2a_12,2a_{12},2,2,0,even,1,target_reference_basis,gn_kac_base,gn_kac_affine_rank_two,GN isotropic ray tau(2a_ij)=9 plus Kac A1^(1) null-root residual 1,3620071b847b3152
2a_12.even.002,2a_12,2a_{12},2,2,0,even,2,target_reference_basis,gn_kac_base,gn_kac_affine_rank_two,GN isotropic ray tau(2a_ij)=9 plus Kac A1^(1) null-root residual 1,188efa5c1549ed45
2a_12.even.003,2a_12,2a_{12},2,2,0,even,3,target_reference_basis,gn_kac_base,gn_kac_affine_rank_two,GN isotropic ray tau(2a_ij)=9 plus Kac A1^(1) null-root residual 1,a5ffd33ce4b1b06d
2a_12.even.004,2a_12,2a_{12},2,2,0,even,4,target_reference_basis,gn_kac_base,gn_kac_affine_rank_two,GN isotropic ray tau(2a_ij)=9 plus Kac A1^(1) null-root residual 1,471bec5ab7d9c524
2a_12.even.005,2a_12,2a_{12},2,2,0,even,5,target_reference_basis,gn_kac_base,gn_kac_affine_rank_two,GN isotropic ray tau(2a_ij)=9 plus Kac A1^(1) null-root residual 1,8eedc8a41b264942
2a_12.even.006,2a_12,2a_{12},2,2,0,even,6,target_reference_basis,gn_kac_base,gn_kac_affine_rank_two,GN isotropic ray tau(2a_ij)=9 plus Kac A1^(1) null-root residual 1,380310e150d20100
2a_12.even.007,2a_12,2a_{12},2,2,0,even,7,target_reference_basis,gn_kac_base,gn_kac_affine_rank_two,GN isotropic ray tau(2a_ij)=9 plus Kac A1^(1) null-root residual 1,fe8dafd4cfea6f62
2a_12.even.008,2a_12,2a_{12},2,2,0,even,8,target_reference_basis,gn_kac_base,gn_kac_affine_rank_two,GN isotropic ray tau(2a_ij)=9 plus Kac A1^(1) null-root residual 1,d1c1aad9966bf5c1
2a_12.even.009,2a_12,2a_{12},2,2,0,even,9,target_reference_basis,gn_kac_base,gn_kac_affine_rank_two,GN isotropic ray tau(2a_ij)=9 plus Kac A1^(1) null-root residual 1,ae619271deb3cccd
2a_12.even.010,2a_12,2a_{12},2,2,0,even,10,target_reference_basis,gn_kac_base,gn_kac_affine_rank_two,GN isotropic ray tau(2a_ij)=9 plus Kac A1^(1) null-root residual 1,5c7c90e717314a08
2a_13.even.001,2a_13,2a_{13},2,0,2,even,1,target_reference_basis,gn_kac_base,gn_kac_affine_rank_two,GN isotropic ray tau(2a_ij)=9 plus Kac A1^(1) null-root residual 1,0ee5d3233eea4f36
2a_13.even.002,2a_13,2a_{13},2,0,2,even,2,target_reference_basis,gn_kac_base,gn_kac_affine_rank_two,GN isotropic ray tau(2a_ij)=9 plus Kac A1^(1) null-root residual 1,581bb94cda78ca73
2a_13.even.003,2a_13,2a_{13},2,0,2,even,3,target_reference_basis,gn_kac_base,gn_kac_affine_rank_two,GN isotropic ray tau(2a_ij)=9 plus Kac A1^(1) null-root residual 1,4a0c4705e3280b9c
2a_13.even.004,2a_13,2a_{13},2,0,2,even,4,target_reference_basis,gn_kac_base,gn_kac_affine_rank_two,GN isotropic ray tau(2a_ij)=9 plus Kac A1^(1) null-root residual 1,966c09c584bfc0b6
2a_13.even.005,2a_13,2a_{13},2,0,2,even,5,target_reference_basis,gn_kac_base,gn_kac_affine_rank_two,GN isotropic ray tau(2a_ij)=9 plus Kac A1^(1) null-root residual 1,0097491347b01dbb
2a_13.even.006,2a_13,2a_{13},2,0,2,even,6,target_reference_basis,gn_kac_base,gn_kac_affine_rank_two,GN isotropic ray tau(2a_ij)=9 plus Kac A1^(1) null-root residual 1,fd9ac99792413a64
2a_13.even.007,2a_13,2a_{13},2,0,2,even,7,target_reference_basis,gn_kac_base,gn_kac_affine_rank_two,GN isotropic ray tau(2a_ij)=9 plus Kac A1^(1) null-root residual 1,c2d26c40a4f26405
2a_13.even.008,2a_13,2a_{13},2,0,2,even,8,target_reference_basis,gn_kac_base,gn_kac_affine_rank_two,GN isotropic ray tau(2a_ij)=9 plus Kac A1^(1) null-root residual 1,32d6a445142bb8ec
2a_13.even.009,2a_13,2a_{13},2,0,2,even,9,target_reference_basis,gn_kac_base,gn_kac_affine_rank_two,GN isotropic ray tau(2a_ij)=9 plus Kac A1^(1) null-root residual 1,db25175735336524
2a_13.even.010,2a_13,2a_{13},2,0,2,even,10,target_reference_basis,gn_kac_base,gn_kac_affine_rank_two,GN isotropic ray tau(2a_ij)=9 plus Kac A1^(1) null-root residual 1,171817bb47328f6a
2a_23.even.001,2a_23,2a_{23},0,2,2,even,1,target_reference_basis,gn_kac_base,gn_kac_affine_rank_two,GN isotropic ray tau(2a_ij)=9 plus Kac A1^(1) null-root residual 1,3839310402c2018c
2a_23.even.002,2a_23,2a_{23},0,2,2,even,2,target_reference_basis,gn_kac_base,gn_kac_affine_rank_two,GN isotropic ray tau(2a_ij)=9 plus Kac A1^(1) null-root residual 1,67f4a0a6ccd1aa69
2a_23.even.003,2a_23,2a_{23},0,2,2,even,3,target_reference_basis,gn_kac_base,gn_kac_affine_rank_two,GN isotropic ray tau(2a_ij)=9 plus Kac A1^(1) null-root residual 1,1b6cfa5238e7108d
2a_23.even.004,2a_23,2a_{23},0,2,2,even,4,target_reference_basis,gn_kac_base,gn_kac_affine_rank_two,GN isotropic ray tau(2a_ij)=9 plus Kac A1^(1) null-root residual 1,71d6c2f89956a3c3
2a_23.even.005,2a_23,2a_{23},0,2,2,even,5,target_reference_basis,gn_kac_base,gn_kac_affine_rank_two,GN isotropic ray tau(2a_ij)=9 plus Kac A1^(1) null-root residual 1,3425adb6f9eafc85
2a_23.even.006,2a_23,2a_{23},0,2,2,even,6,target_reference_basis,gn_kac_base,gn_kac_affine_rank_two,GN isotropic ray tau(2a_ij)=9 plus Kac A1^(1) null-root residual 1,25adecd3a8b1093f
2a_23.even.007,2a_23,2a_{23},0,2,2,even,7,target_reference_basis,gn_kac_base,gn_kac_affine_rank_two,GN isotropic ray tau(2a_ij)=9 plus Kac A1^(1) null-root residual 1,bcb143629cf88512
2a_23.even.008,2a_23,2a_{23},0,2,2,even,8,target_reference_basis,gn_kac_base,gn_kac_affine_rank_two,GN isotropic ray tau(2a_ij)=9 plus Kac A1^(1) null-root residual 1,b6507b419e6c8048
2a_23.even.009,2a_23,2a_{23},0,2,2,even,9,target_reference_basis,gn_kac_base,gn_kac_affine_rank_two,GN isotropic ray tau(2a_ij)=9 plus Kac A1^(1) null-root residual 1,45ab40dd578269a7
2a_23.even.010,2a_23,2a_{23},0,2,2,even,10,target_reference_basis,gn_kac_base,gn_kac_affine_rank_two,GN isotropic ray tau(2a_ij)=9 plus Kac A1^(1) null-root residual 1,07daab4e562f41ce
C_1_3.even.001,C_1_3,"C_{1,3}",3,1,1,even,1,target_reference_basis,weyl_transport,weyl_transport_from_delta123,"even real-root Weyl transport s_k(delta123)=C_{k,3}; parity preserved from delta123:29|93",1eaab51156c76853
C_1_3.even.002,C_1_3,"C_{1,3}",3,1,1,even,2,target_reference_basis,weyl_transport,weyl_transport_from_delta123,"even real-root Weyl transport s_k(delta123)=C_{k,3}; parity preserved from delta123:29|93",d8a0ce33265b4178
C_1_3.even.003,C_1_3,"C_{1,3}",3,1,1,even,3,target_reference_basis,weyl_transport,weyl_transport_from_delta123,"even real-root Weyl transport s_k(delta123)=C_{k,3}; parity preserved from delta123:29|93",be0f35f055416c58
C_1_3.even.004,C_1_3,"C_{1,3}",3,1,1,even,4,target_reference_basis,weyl_transport,weyl_transport_from_delta123,"even real-root Weyl transport s_k(delta123)=C_{k,3}; parity preserved from delta123:29|93",5bbf8fd06f6ac853
C_1_3.even.005,C_1_3,"C_{1,3}",3,1,1,even,5,target_reference_basis,weyl_transport,weyl_transport_from_delta123,"even real-root Weyl transport s_k(delta123)=C_{k,3}; parity preserved from delta123:29|93",2b4132e3b913f72a
C_1_3.even.006,C_1_3,"C_{1,3}",3,1,1,even,6,target_reference_basis,weyl_transport,weyl_transport_from_delta123,"even real-root Weyl transport s_k(delta123)=C_{k,3}; parity preserved from delta123:29|93",77e75386f67d5bf6
C_1_3.even.007,C_1_3,"C_{1,3}",3,1,1,even,7,target_reference_basis,weyl_transport,weyl_transport_from_delta123,"even real-root Weyl transport s_k(delta123)=C_{k,3}; parity preserved from delta123:29|93",6704c606c302de9d
C_1_3.even.008,C_1_3,"C_{1,3}",3,1,1,even,8,target_reference_basis,weyl_transport,weyl_transport_from_delta123,"even real-root Weyl transport s_k(delta123)=C_{k,3}; parity preserved from delta123:29|93",2a1036a345132c8b
C_1_3.even.009,C_1_3,"C_{1,3}",3,1,1,even,9,target_reference_basis,weyl_transport,weyl_transport_from_delta123,"even real-root Weyl transport s_k(delta123)=C_{k,3}; parity preserved from delta123:29|93",5fe22ff0949f432a
C_1_3.even.010,C_1_3,"C_{1,3}",3,1,1,even,10,target_reference_basis,weyl_transport,weyl_transport_from_delta123,"even real-root Weyl transport s_k(delta123)=C_{k,3}; parity preserved from delta123:29|93",8966e06cb878d7c5
C_1_3.even.011,C_1_3,"C_{1,3}",3,1,1,even,11,target_reference_basis,weyl_transport,weyl_transport_from_delta123,"even real-root Weyl transport s_k(delta123)=C_{k,3}; parity preserved from delta123:29|93",ad1cb6684156ff7d
C_1_3.even.012,C_1_3,"C_{1,3}",3,1,1,even,12,target_reference_basis,weyl_transport,weyl_transport_from_delta123,"even real-root Weyl transport s_k(delta123)=C_{k,3}; parity preserved from delta123:29|93",1d947f3f71dd9a39
C_1_3.even.013,C_1_3,"C_{1,3}",3,1,1,even,13,target_reference_basis,weyl_transport,weyl_transport_from_delta123,"even real-root Weyl transport s_k(delta123)=C_{k,3}; parity preserved from delta123:29|93",535b9d01919d7475
C_1_3.even.014,C_1_3,"C_{1,3}",3,1,1,even,14,target_reference_basis,weyl_transport,weyl_transport_from_delta123,"even real-root Weyl transport s_k(delta123)=C_{k,3}; parity preserved from delta123:29|93",f7fba5e3a80c6ad3
C_1_3.even.015,C_1_3,"C_{1,3}",3,1,1,even,15,target_reference_basis,weyl_transport,weyl_transport_from_delta123,"even real-root Weyl transport s_k(delta123)=C_{k,3}; parity preserved from delta123:29|93",a9bacd4058b49b09
C_1_3.even.016,C_1_3,"C_{1,3}",3,1,1,even,16,target_reference_basis,weyl_transport,weyl_transport_from_delta123,"even real-root Weyl transport s_k(delta123)=C_{k,3}; parity preserved from delta123:29|93",753b50cc674ebfc5
C_1_3.even.017,C_1_3,"C_{1,3}",3,1,1,even,17,target_reference_basis,weyl_transport,weyl_transport_from_delta123,"even real-root Weyl transport s_k(delta123)=C_{k,3}; parity preserved from delta123:29|93",4f3a5349e9e0eefe
C_1_3.even.018,C_1_3,"C_{1,3}",3,1,1,even,18,target_reference_basis,weyl_transport,weyl_transport_from_delta123,"even real-root Weyl transport s_k(delta123)=C_{k,3}; parity preserved from delta123:29|93",728528652fb6be37
C_1_3.even.019,C_1_3,"C_{1,3}",3,1,1,even,19,target_reference_basis,weyl_transport,weyl_transport_from_delta123,"even real-root Weyl transport s_k(delta123)=C_{k,3}; parity preserved from delta123:29|93",c592be62782dfebd
C_1_3.even.020,C_1_3,"C_{1,3}",3,1,1,even,20,target_reference_basis,weyl_transport,weyl_transport_from_delta123,"even real-root Weyl transport s_k(delta123)=C_{k,3}; parity preserved from delta123:29|93",bebad59188d635c0
C_1_3.even.021,C_1_3,"C_{1,3}",3,1,1,even,21,target_reference_basis,weyl_transport,weyl_transport_from_delta123,"even real-root Weyl transport s_k(delta123)=C_{k,3}; parity preserved from delta123:29|93",024b72f068a5b185
C_1_3.even.022,C_1_3,"C_{1,3}",3,1,1,even,22,target_reference_basis,weyl_transport,weyl_transport_from_delta123,"even real-root Weyl transport s_k(delta123)=C_{k,3}; parity preserved from delta123:29|93",d1f7f7c0d49becfa
C_1_3.even.023,C_1_3,"C_{1,3}",3,1,1,even,23,target_reference_basis,weyl_transport,weyl_transport_from_delta123,"even real-root Weyl transport s_k(delta123)=C_{k,3}; parity preserved from delta123:29|93",b3b9ec074efd3b92
C_1_3.even.024,C_1_3,"C_{1,3}",3,1,1,even,24,target_reference_basis,weyl_transport,weyl_transport_from_delta123,"even real-root Weyl transport s_k(delta123)=C_{k,3}; parity preserved from delta123:29|93",a3d56c0704cf1c71
C_1_3.even.025,C_1_3,"C_{1,3}",3,1,1,even,25,target_reference_basis,weyl_transport,weyl_transport_from_delta123,"even real-root Weyl transport s_k(delta123)=C_{k,3}; parity preserved from delta123:29|93",20932d627f474c45
C_1_3.even.026,C_1_3,"C_{1,3}",3,1,1,even,26,target_reference_basis,weyl_transport,weyl_transport_from_delta123,"even real-root Weyl transport s_k(delta123)=C_{k,3}; parity preserved from delta123:29|93",467e4029b8cc4593
C_1_3.even.027,C_1_3,"C_{1,3}",3,1,1,even,27,target_reference_basis,weyl_transport,weyl_transport_from_delta123,"even real-root Weyl transport s_k(delta123)=C_{k,3}; parity preserved from delta123:29|93",cdc52856c7e066eb
C_1_3.even.028,C_1_3,"C_{1,3}",3,1,1,even,28,target_reference_basis,weyl_transport,weyl_transport_from_delta123,"even real-root Weyl transport s_k(delta123)=C_{k,3}; parity preserved from delta123:29|93",87e342ab603e225d
C_1_3.even.029,C_1_3,"C_{1,3}",3,1,1,even,29,target_reference_basis,weyl_transport,weyl_transport_from_delta123,"even real-root Weyl transport s_k(delta123)=C_{k,3}; parity preserved from delta123:29|93",8e96084fd37d2660
C_1_3.odd.001,C_1_3,"C_{1,3}",3,1,1,odd,1,target_reference_basis,weyl_transport,weyl_transport_from_delta123,"even real-root Weyl transport s_k(delta123)=C_{k,3}; parity preserved from delta123:29|93",c6db29b7b257f491
C_1_3.odd.002,C_1_3,"C_{1,3}",3,1,1,odd,2,target_reference_basis,weyl_transport,weyl_transport_from_delta123,"even real-root Weyl transport s_k(delta123)=C_{k,3}; parity preserved from delta123:29|93",5e8291dd6a21b66b
C_1_3.odd.003,C_1_3,"C_{1,3}",3,1,1,odd,3,target_reference_basis,weyl_transport,weyl_transport_from_delta123,"even real-root Weyl transport s_k(delta123)=C_{k,3}; parity preserved from delta123:29|93",0d530a7378a19b7e
C_1_3.odd.004,C_1_3,"C_{1,3}",3,1,1,odd,4,target_reference_basis,weyl_transport,weyl_transport_from_delta123,"even real-root Weyl transport s_k(delta123)=C_{k,3}; parity preserved from delta123:29|93",a6ddedd4fab13627
C_1_3.odd.005,C_1_3,"C_{1,3}",3,1,1,odd,5,target_reference_basis,weyl_transport,weyl_transport_from_delta123,"even real-root Weyl transport s_k(delta123)=C_{k,3}; parity preserved from delta123:29|93",8f4787848441f04f
C_1_3.odd.006,C_1_3,"C_{1,3}",3,1,1,odd,6,target_reference_basis,weyl_transport,weyl_transport_from_delta123,"even real-root Weyl transport s_k(delta123)=C_{k,3}; parity preserved from delta123:29|93",c37b9c6f7db75839
C_1_3.odd.007,C_1_3,"C_{1,3}",3,1,1,odd,7,target_reference_basis,weyl_transport,weyl_transport_from_delta123,"even real-root Weyl transport s_k(delta123)=C_{k,3}; parity preserved from delta123:29|93",bd2909b886ab04c3
C_1_3.odd.008,C_1_3,"C_{1,3}",3,1,1,odd,8,target_reference_basis,weyl_transport,weyl_transport_from_delta123,"even real-root Weyl transport s_k(delta123)=C_{k,3}; parity preserved from delta123:29|93",ac747b31ae064fb9
C_1_3.odd.009,C_1_3,"C_{1,3}",3,1,1,odd,9,target_reference_basis,weyl_transport,weyl_transport_from_delta123,"even real-root Weyl transport s_k(delta123)=C_{k,3}; parity preserved from delta123:29|93",775dcac620cd5cf8
C_1_3.odd.010,C_1_3,"C_{1,3}",3,1,1,odd,10,target_reference_basis,weyl_transport,weyl_transport_from_delta123,"even real-root Weyl transport s_k(delta123)=C_{k,3}; parity preserved from delta123:29|93",a49da77337ee4251
C_1_3.odd.011,C_1_3,"C_{1,3}",3,1,1,odd,11,target_reference_basis,weyl_transport,weyl_transport_from_delta123,"even real-root Weyl transport s_k(delta123)=C_{k,3}; parity preserved from delta123:29|93",db933541923d9326
C_1_3.odd.012,C_1_3,"C_{1,3}",3,1,1,odd,12,target_reference_basis,weyl_transport,weyl_transport_from_delta123,"even real-root Weyl transport s_k(delta123)=C_{k,3}; parity preserved from delta123:29|93",cc098f42dba896dc
C_1_3.odd.013,C_1_3,"C_{1,3}",3,1,1,odd,13,target_reference_basis,weyl_transport,weyl_transport_from_delta123,"even real-root Weyl transport s_k(delta123)=C_{k,3}; parity preserved from delta123:29|93",6935712eabb1941c
C_1_3.odd.014,C_1_3,"C_{1,3}",3,1,1,odd,14,target_reference_basis,weyl_transport,weyl_transport_from_delta123,"even real-root Weyl transport s_k(delta123)=C_{k,3}; parity preserved from delta123:29|93",2b08cc3eca9e6192
C_1_3.odd.015,C_1_3,"C_{1,3}",3,1,1,odd,15,target_reference_basis,weyl_transport,weyl_transport_from_delta123,"even real-root Weyl transport s_k(delta123)=C_{k,3}; parity preserved from delta123:29|93",86046b175ea2137a
C_1_3.odd.016,C_1_3,"C_{1,3}",3,1,1,odd,16,target_reference_basis,weyl_transport,weyl_transport_from_delta123,"even real-root Weyl transport s_k(delta123)=C_{k,3}; parity preserved from delta123:29|93",9ab21153a8e760c8
C_1_3.odd.017,C_1_3,"C_{1,3}",3,1,1,odd,17,target_reference_basis,weyl_transport,weyl_transport_from_delta123,"even real-root Weyl transport s_k(delta123)=C_{k,3}; parity preserved from delta123:29|93",022ce1078b2632bb
C_1_3.odd.018,C_1_3,"C_{1,3}",3,1,1,odd,18,target_reference_basis,weyl_transport,weyl_transport_from_delta123,"even real-root Weyl transport s_k(delta123)=C_{k,3}; parity preserved from delta123:29|93",54494345ce7c0c09
C_1_3.odd.019,C_1_3,"C_{1,3}",3,1,1,odd,19,target_reference_basis,weyl_transport,weyl_transport_from_delta123,"even real-root Weyl transport s_k(delta123)=C_{k,3}; parity preserved from delta123:29|93",5686ba8f69bb23e5
C_1_3.odd.020,C_1_3,"C_{1,3}",3,1,1,odd,20,target_reference_basis,weyl_transport,weyl_transport_from_delta123,"even real-root Weyl transport s_k(delta123)=C_{k,3}; parity preserved from delta123:29|93",87646658d3c86ae4
C_1_3.odd.021,C_1_3,"C_{1,3}",3,1,1,odd,21,target_reference_basis,weyl_transport,weyl_transport_from_delta123,"even real-root Weyl transport s_k(delta123)=C_{k,3}; parity preserved from delta123:29|93",0d7fc6b35b97654f
C_1_3.odd.022,C_1_3,"C_{1,3}",3,1,1,odd,22,target_reference_basis,weyl_transport,weyl_transport_from_delta123,"even real-root Weyl transport s_k(delta123)=C_{k,3}; parity preserved from delta123:29|93",10fa81c0cb5fae4c
C_1_3.odd.023,C_1_3,"C_{1,3}",3,1,1,odd,23,target_reference_basis,weyl_transport,weyl_transport_from_delta123,"even real-root Weyl transport s_k(delta123)=C_{k,3}; parity preserved from delta123:29|93",9062df375cd03355
C_1_3.odd.024,C_1_3,"C_{1,3}",3,1,1,odd,24,target_reference_basis,weyl_transport,weyl_transport_from_delta123,"even real-root Weyl transport s_k(delta123)=C_{k,3}; parity preserved from delta123:29|93",df9c791fbdf4565b
C_1_3.odd.025,C_1_3,"C_{1,3}",3,1,1,odd,25,target_reference_basis,weyl_transport,weyl_transport_from_delta123,"even real-root Weyl transport s_k(delta123)=C_{k,3}; parity preserved from delta123:29|93",72987a7036a1b148
C_1_3.odd.026,C_1_3,"C_{1,3}",3,1,1,odd,26,target_reference_basis,weyl_transport,weyl_transport_from_delta123,"even real-root Weyl transport s_k(delta123)=C_{k,3}; parity preserved from delta123:29|93",335daf5673c6cb7d
C_1_3.odd.027,C_1_3,"C_{1,3}",3,1,1,odd,27,target_reference_basis,weyl_transport,weyl_transport_from_delta123,"even real-root Weyl transport s_k(delta123)=C_{k,3}; parity preserved from delta123:29|93",acbad1b2e987d0f1
C_1_3.odd.028,C_1_3,"C_{1,3}",3,1,1,odd,28,target_reference_basis,weyl_transport,weyl_transport_from_delta123,"even real-root Weyl transport s_k(delta123)=C_{k,3}; parity preserved from delta123:29|93",f35cf0197b823bfa
C_1_3.odd.029,C_1_3,"C_{1,3}",3,1,1,odd,29,target_reference_basis,weyl_transport,weyl_transport_from_delta123,"even real-root Weyl transport s_k(delta123)=C_{k,3}; parity preserved from delta123:29|93",3cc234ffb492212e
C_1_3.odd.030,C_1_3,"C_{1,3}",3,1,1,odd,30,target_reference_basis,weyl_transport,weyl_transport_from_delta123,"even real-root Weyl transport s_k(delta123)=C_{k,3}; parity preserved from delta123:29|93",c335def69759af08
C_1_3.odd.031,C_1_3,"C_{1,3}",3,1,1,odd,31,target_reference_basis,weyl_transport,weyl_transport_from_delta123,"even real-root Weyl transport s_k(delta123)=C_{k,3}; parity preserved from delta123:29|93",e52a9c6166768c57
C_1_3.odd.032,C_1_3,"C_{1,3}",3,1,1,odd,32,target_reference_basis,weyl_transport,weyl_transport_from_delta123,"even real-root Weyl transport s_k(delta123)=C_{k,3}; parity preserved from delta123:29|93",91e3c5d3d580a294
C_1_3.odd.033,C_1_3,"C_{1,3}",3,1,1,odd,33,target_reference_basis,weyl_transport,weyl_transport_from_delta123,"even real-root Weyl transport s_k(delta123)=C_{k,3}; parity preserved from delta123:29|93",5b8077627983ef43
C_1_3.odd.034,C_1_3,"C_{1,3}",3,1,1,odd,34,target_reference_basis,weyl_transport,weyl_transport_from_delta123,"even real-root Weyl transport s_k(delta123)=C_{k,3}; parity preserved from delta123:29|93",cb7c148c4f24458f
C_1_3.odd.035,C_1_3,"C_{1,3}",3,1,1,odd,35,target_reference_basis,weyl_transport,weyl_transport_from_delta123,"even real-root Weyl transport s_k(delta123)=C_{k,3}; parity preserved from delta123:29|93",bb8d8a2381d287bd
C_1_3.odd.036,C_1_3,"C_{1,3}",3,1,1,odd,36,target_reference_basis,weyl_transport,weyl_transport_from_delta123,"even real-root Weyl transport s_k(delta123)=C_{k,3}; parity preserved from delta123:29|93",eddbe10125d9ee22
C_1_3.odd.037,C_1_3,"C_{1,3}",3,1,1,odd,37,target_reference_basis,weyl_transport,weyl_transport_from_delta123,"even real-root Weyl transport s_k(delta123)=C_{k,3}; parity preserved from delta123:29|93",f3b6b3a1c9d218e2
C_1_3.odd.038,C_1_3,"C_{1,3}",3,1,1,odd,38,target_reference_basis,weyl_transport,weyl_transport_from_delta123,"even real-root Weyl transport s_k(delta123)=C_{k,3}; parity preserved from delta123:29|93",81253ccc0482ec14
C_1_3.odd.039,C_1_3,"C_{1,3}",3,1,1,odd,39,target_reference_basis,weyl_transport,weyl_transport_from_delta123,"even real-root Weyl transport s_k(delta123)=C_{k,3}; parity preserved from delta123:29|93",ca3c83e4358e4ed1
C_1_3.odd.040,C_1_3,"C_{1,3}",3,1,1,odd,40,target_reference_basis,weyl_transport,weyl_transport_from_delta123,"even real-root Weyl transport s_k(delta123)=C_{k,3}; parity preserved from delta123:29|93",b331613f37bb2cc2
C_1_3.odd.041,C_1_3,"C_{1,3}",3,1,1,odd,41,target_reference_basis,weyl_transport,weyl_transport_from_delta123,"even real-root Weyl transport s_k(delta123)=C_{k,3}; parity preserved from delta123:29|93",be8787365f90bf48
C_1_3.odd.042,C_1_3,"C_{1,3}",3,1,1,odd,42,target_reference_basis,weyl_transport,weyl_transport_from_delta123,"even real-root Weyl transport s_k(delta123)=C_{k,3}; parity preserved from delta123:29|93",62fd13c758f9dbf1
C_1_3.odd.043,C_1_3,"C_{1,3}",3,1,1,odd,43,target_reference_basis,weyl_transport,weyl_transport_from_delta123,"even real-root Weyl transport s_k(delta123)=C_{k,3}; parity preserved from delta123:29|93",66df06c49691a1d8
C_1_3.odd.044,C_1_3,"C_{1,3}",3,1,1,odd,44,target_reference_basis,weyl_transport,weyl_transport_from_delta123,"even real-root Weyl transport s_k(delta123)=C_{k,3}; parity preserved from delta123:29|93",54415484774651ec
C_1_3.odd.045,C_1_3,"C_{1,3}",3,1,1,odd,45,target_reference_basis,weyl_transport,weyl_transport_from_delta123,"even real-root Weyl transport s_k(delta123)=C_{k,3}; parity preserved from delta123:29|93",1dd4503e57fe5fe1
C_1_3.odd.046,C_1_3,"C_{1,3}",3,1,1,odd,46,target_reference_basis,weyl_transport,weyl_transport_from_delta123,"even real-root Weyl transport s_k(delta123)=C_{k,3}; parity preserved from delta123:29|93",5e688d354a4ebc15
C_1_3.odd.047,C_1_3,"C_{1,3}",3,1,1,odd,47,target_reference_basis,weyl_transport,weyl_transport_from_delta123,"even real-root Weyl transport s_k(delta123)=C_{k,3}; parity preserved from delta123:29|93",b7fdc070797cbdcb
C_1_3.odd.048,C_1_3,"C_{1,3}",3,1,1,odd,48,target_reference_basis,weyl_transport,weyl_transport_from_delta123,"even real-root Weyl transport s_k(delta123)=C_{k,3}; parity preserved from delta123:29|93",d4f1e6dbfaa91629
C_1_3.odd.049,C_1_3,"C_{1,3}",3,1,1,odd,49,target_reference_basis,weyl_transport,weyl_transport_from_delta123,"even real-root Weyl transport s_k(delta123)=C_{k,3}; parity preserved from delta123:29|93",0a1d9c6b76735b9b
C_1_3.odd.050,C_1_3,"C_{1,3}",3,1,1,odd,50,target_reference_basis,weyl_transport,weyl_transport_from_delta123,"even real-root Weyl transport s_k(delta123)=C_{k,3}; parity preserved from delta123:29|93",e162babde55e9719
C_1_3.odd.051,C_1_3,"C_{1,3}",3,1,1,odd,51,target_reference_basis,weyl_transport,weyl_transport_from_delta123,"even real-root Weyl transport s_k(delta123)=C_{k,3}; parity preserved from delta123:29|93",a60b1006764940ec
C_1_3.odd.052,C_1_3,"C_{1,3}",3,1,1,odd,52,target_reference_basis,weyl_transport,weyl_transport_from_delta123,"even real-root Weyl transport s_k(delta123)=C_{k,3}; parity preserved from delta123:29|93",f71979d6f9e1b822
C_1_3.odd.053,C_1_3,"C_{1,3}",3,1,1,odd,53,target_reference_basis,weyl_transport,weyl_transport_from_delta123,"even real-root Weyl transport s_k(delta123)=C_{k,3}; parity preserved from delta123:29|93",0e52fcaf561f61e0
C_1_3.odd.054,C_1_3,"C_{1,3}",3,1,1,odd,54,target_reference_basis,weyl_transport,weyl_transport_from_delta123,"even real-root Weyl transport s_k(delta123)=C_{k,3}; parity preserved from delta123:29|93",5e631e19d8ea0e6a
C_1_3.odd.055,C_1_3,"C_{1,3}",3,1,1,odd,55,target_reference_basis,weyl_transport,weyl_transport_from_delta123,"even real-root Weyl transport s_k(delta123)=C_{k,3}; parity preserved from delta123:29|93",8855da6a9465ed2a
C_1_3.odd.056,C_1_3,"C_{1,3}",3,1,1,odd,56,target_reference_basis,weyl_transport,weyl_transport_from_delta123,"even real-root Weyl transport s_k(delta123)=C_{k,3}; parity preserved from delta123:29|93",8afb1d2607008b37
C_1_3.odd.057,C_1_3,"C_{1,3}",3,1,1,odd,57,target_reference_basis,weyl_transport,weyl_transport_from_delta123,"even real-root Weyl transport s_k(delta123)=C_{k,3}; parity preserved from delta123:29|93",4163f7c4216e7eea
C_1_3.odd.058,C_1_3,"C_{1,3}",3,1,1,odd,58,target_reference_basis,weyl_transport,weyl_transport_from_delta123,"even real-root Weyl transport s_k(delta123)=C_{k,3}; parity preserved from delta123:29|93",33812df28029683b
C_1_3.odd.059,C_1_3,"C_{1,3}",3,1,1,odd,59,target_reference_basis,weyl_transport,weyl_transport_from_delta123,"even real-root Weyl transport s_k(delta123)=C_{k,3}; parity preserved from delta123:29|93",4c0608f0ec0a5a4a
C_1_3.odd.060,C_1_3,"C_{1,3}",3,1,1,odd,60,target_reference_basis,weyl_transport,weyl_transport_from_delta123,"even real-root Weyl transport s_k(delta123)=C_{k,3}; parity preserved from delta123:29|93",a702749b2a75bd02
C_1_3.odd.061,C_1_3,"C_{1,3}",3,1,1,odd,61,target_reference_basis,weyl_transport,weyl_transport_from_delta123,"even real-root Weyl transport s_k(delta123)=C_{k,3}; parity preserved from delta123:29|93",3d469bab64233534
C_1_3.odd.062,C_1_3,"C_{1,3}",3,1,1,odd,62,target_reference_basis,weyl_transport,weyl_transport_from_delta123,"even real-root Weyl transport s_k(delta123)=C_{k,3}; parity preserved from delta123:29|93",e0917453e9dc0847
C_1_3.odd.063,C_1_3,"C_{1,3}",3,1,1,odd,63,target_reference_basis,weyl_transport,weyl_transport_from_delta123,"even real-root Weyl transport s_k(delta123)=C_{k,3}; parity preserved from delta123:29|93",42f19b9726dd1a01
C_1_3.odd.064,C_1_3,"C_{1,3}",3,1,1,odd,64,target_reference_basis,weyl_transport,weyl_transport_from_delta123,"even real-root Weyl transport s_k(delta123)=C_{k,3}; parity preserved from delta123:29|93",ef1f927ea941531c
C_1_3.odd.065,C_1_3,"C_{1,3}",3,1,1,odd,65,target_reference_basis,weyl_transport,weyl_transport_from_delta123,"even real-root Weyl transport s_k(delta123)=C_{k,3}; parity preserved from delta123:29|93",9ece8677806e1dc3
C_1_3.odd.066,C_1_3,"C_{1,3}",3,1,1,odd,66,target_reference_basis,weyl_transport,weyl_transport_from_delta123,"even real-root Weyl transport s_k(delta123)=C_{k,3}; parity preserved from delta123:29|93",ae2deaeab5ee458e
C_1_3.odd.067,C_1_3,"C_{1,3}",3,1,1,odd,67,target_reference_basis,weyl_transport,weyl_transport_from_delta123,"even real-root Weyl transport s_k(delta123)=C_{k,3}; parity preserved from delta123:29|93",15158b25b8cf75e3
C_1_3.odd.068,C_1_3,"C_{1,3}",3,1,1,odd,68,target_reference_basis,weyl_transport,weyl_transport_from_delta123,"even real-root Weyl transport s_k(delta123)=C_{k,3}; parity preserved from delta123:29|93",488016ae225d1c92
C_1_3.odd.069,C_1_3,"C_{1,3}",3,1,1,odd,69,target_reference_basis,weyl_transport,weyl_transport_from_delta123,"even real-root Weyl transport s_k(delta123)=C_{k,3}; parity preserved from delta123:29|93",955536f1dc6c6d2f
C_1_3.odd.070,C_1_3,"C_{1,3}",3,1,1,odd,70,target_reference_basis,weyl_transport,weyl_transport_from_delta123,"even real-root Weyl transport s_k(delta123)=C_{k,3}; parity preserved from delta123:29|93",fc55e8784d05a54f
C_1_3.odd.071,C_1_3,"C_{1,3}",3,1,1,odd,71,target_reference_basis,weyl_transport,weyl_transport_from_delta123,"even real-root Weyl transport s_k(delta123)=C_{k,3}; parity preserved from delta123:29|93",19a542d247f07c16
C_1_3.odd.072,C_1_3,"C_{1,3}",3,1,1,odd,72,target_reference_basis,weyl_transport,weyl_transport_from_delta123,"even real-root Weyl transport s_k(delta123)=C_{k,3}; parity preserved from delta123:29|93",9505c755c7410ba2
C_1_3.odd.073,C_1_3,"C_{1,3}",3,1,1,odd,73,target_reference_basis,weyl_transport,weyl_transport_from_delta123,"even real-root Weyl transport s_k(delta123)=C_{k,3}; parity preserved from delta123:29|93",bdbf2f217d40fd91
C_1_3.odd.074,C_1_3,"C_{1,3}",3,1,1,odd,74,target_reference_basis,weyl_transport,weyl_transport_from_delta123,"even real-root Weyl transport s_k(delta123)=C_{k,3}; parity preserved from delta123:29|93",5c67d245874cdba6
C_1_3.odd.075,C_1_3,"C_{1,3}",3,1,1,odd,75,target_reference_basis,weyl_transport,weyl_transport_from_delta123,"even real-root Weyl transport s_k(delta123)=C_{k,3}; parity preserved from delta123:29|93",f32f8e55e3055c86
C_1_3.odd.076,C_1_3,"C_{1,3}",3,1,1,odd,76,target_reference_basis,weyl_transport,weyl_transport_from_delta123,"even real-root Weyl transport s_k(delta123)=C_{k,3}; parity preserved from delta123:29|93",f101f7e7f62aa587
C_1_3.odd.077,C_1_3,"C_{1,3}",3,1,1,odd,77,target_reference_basis,weyl_transport,weyl_transport_from_delta123,"even real-root Weyl transport s_k(delta123)=C_{k,3}; parity preserved from delta123:29|93",69067faf3cc240dd
C_1_3.odd.078,C_1_3,"C_{1,3}",3,1,1,odd,78,target_reference_basis,weyl_transport,weyl_transport_from_delta123,"even real-root Weyl transport s_k(delta123)=C_{k,3}; parity preserved from delta123:29|93",241559a017ec70d1
C_1_3.odd.079,C_1_3,"C_{1,3}",3,1,1,odd,79,target_reference_basis,weyl_transport,weyl_transport_from_delta123,"even real-root Weyl transport s_k(delta123)=C_{k,3}; parity preserved from delta123:29|93",019b28bad0cfe9a9
C_1_3.odd.080,C_1_3,"C_{1,3}",3,1,1,odd,80,target_reference_basis,weyl_transport,weyl_transport_from_delta123,"even real-root Weyl transport s_k(delta123)=C_{k,3}; parity preserved from delta123:29|93",6be979a551a4c9a2
C_1_3.odd.081,C_1_3,"C_{1,3}",3,1,1,odd,81,target_reference_basis,weyl_transport,weyl_transport_from_delta123,"even real-root Weyl transport s_k(delta123)=C_{k,3}; parity preserved from delta123:29|93",91d8c58096136fa7
C_1_3.odd.082,C_1_3,"C_{1,3}",3,1,1,odd,82,target_reference_basis,weyl_transport,weyl_transport_from_delta123,"even real-root Weyl transport s_k(delta123)=C_{k,3}; parity preserved from delta123:29|93",e50532588980bae1
C_1_3.odd.083,C_1_3,"C_{1,3}",3,1,1,odd,83,target_reference_basis,weyl_transport,weyl_transport_from_delta123,"even real-root Weyl transport s_k(delta123)=C_{k,3}; parity preserved from delta123:29|93",4be61d1e7d37456c
C_1_3.odd.084,C_1_3,"C_{1,3}",3,1,1,odd,84,target_reference_basis,weyl_transport,weyl_transport_from_delta123,"even real-root Weyl transport s_k(delta123)=C_{k,3}; parity preserved from delta123:29|93",ac2085138a3c725c
C_1_3.odd.085,C_1_3,"C_{1,3}",3,1,1,odd,85,target_reference_basis,weyl_transport,weyl_transport_from_delta123,"even real-root Weyl transport s_k(delta123)=C_{k,3}; parity preserved from delta123:29|93",c26d808f4e9b6209
C_1_3.odd.086,C_1_3,"C_{1,3}",3,1,1,odd,86,target_reference_basis,weyl_transport,weyl_transport_from_delta123,"even real-root Weyl transport s_k(delta123)=C_{k,3}; parity preserved from delta123:29|93",2b904127482ae792
C_1_3.odd.087,C_1_3,"C_{1,3}",3,1,1,odd,87,target_reference_basis,weyl_transport,weyl_transport_from_delta123,"even real-root Weyl transport s_k(delta123)=C_{k,3}; parity preserved from delta123:29|93",2faeba222c4a3509
C_1_3.odd.088,C_1_3,"C_{1,3}",3,1,1,odd,88,target_reference_basis,weyl_transport,weyl_transport_from_delta123,"even real-root Weyl transport s_k(delta123)=C_{k,3}; parity preserved from delta123:29|93",d4d588661f1036b7
C_1_3.odd.089,C_1_3,"C_{1,3}",3,1,1,odd,89,target_reference_basis,weyl_transport,weyl_transport_from_delta123,"even real-root Weyl transport s_k(delta123)=C_{k,3}; parity preserved from delta123:29|93",8856b35104a74b75
C_1_3.odd.090,C_1_3,"C_{1,3}",3,1,1,odd,90,target_reference_basis,weyl_transport,weyl_transport_from_delta123,"even real-root Weyl transport s_k(delta123)=C_{k,3}; parity preserved from delta123:29|93",867d5dc9838106f4
C_1_3.odd.091,C_1_3,"C_{1,3}",3,1,1,odd,91,target_reference_basis,weyl_transport,weyl_transport_from_delta123,"even real-root Weyl transport s_k(delta123)=C_{k,3}; parity preserved from delta123:29|93",e2c46e732c688c45
C_1_3.odd.092,C_1_3,"C_{1,3}",3,1,1,odd,92,target_reference_basis,weyl_transport,weyl_transport_from_delta123,"even real-root Weyl transport s_k(delta123)=C_{k,3}; parity preserved from delta123:29|93",15beef9e8ee32ec2
C_1_3.odd.093,C_1_3,"C_{1,3}",3,1,1,odd,93,target_reference_basis,weyl_transport,weyl_transport_from_delta123,"even real-root Weyl transport s_k(delta123)=C_{k,3}; parity preserved from delta123:29|93",bf933031e03a1941
C_2_3.even.001,C_2_3,"C_{2,3}",1,3,1,even,1,target_reference_basis,weyl_transport,weyl_transport_from_delta123,"even real-root Weyl transport s_k(delta123)=C_{k,3}; parity preserved from delta123:29|93",5278a09a85ffa635
C_2_3.even.002,C_2_3,"C_{2,3}",1,3,1,even,2,target_reference_basis,weyl_transport,weyl_transport_from_delta123,"even real-root Weyl transport s_k(delta123)=C_{k,3}; parity preserved from delta123:29|93",081febca06a6af51
C_2_3.even.003,C_2_3,"C_{2,3}",1,3,1,even,3,target_reference_basis,weyl_transport,weyl_transport_from_delta123,"even real-root Weyl transport s_k(delta123)=C_{k,3}; parity preserved from delta123:29|93",34563394568d5319
C_2_3.even.004,C_2_3,"C_{2,3}",1,3,1,even,4,target_reference_basis,weyl_transport,weyl_transport_from_delta123,"even real-root Weyl transport s_k(delta123)=C_{k,3}; parity preserved from delta123:29|93",a5d47ee9989bcd98
C_2_3.even.005,C_2_3,"C_{2,3}",1,3,1,even,5,target_reference_basis,weyl_transport,weyl_transport_from_delta123,"even real-root Weyl transport s_k(delta123)=C_{k,3}; parity preserved from delta123:29|93",ca03e46c5fa371b7
C_2_3.even.006,C_2_3,"C_{2,3}",1,3,1,even,6,target_reference_basis,weyl_transport,weyl_transport_from_delta123,"even real-root Weyl transport s_k(delta123)=C_{k,3}; parity preserved from delta123:29|93",70c9726fe77407a1
C_2_3.even.007,C_2_3,"C_{2,3}",1,3,1,even,7,target_reference_basis,weyl_transport,weyl_transport_from_delta123,"even real-root Weyl transport s_k(delta123)=C_{k,3}; parity preserved from delta123:29|93",55029a26b98470e8
C_2_3.even.008,C_2_3,"C_{2,3}",1,3,1,even,8,target_reference_basis,weyl_transport,weyl_transport_from_delta123,"even real-root Weyl transport s_k(delta123)=C_{k,3}; parity preserved from delta123:29|93",dc9606012e2bae1c
C_2_3.even.009,C_2_3,"C_{2,3}",1,3,1,even,9,target_reference_basis,weyl_transport,weyl_transport_from_delta123,"even real-root Weyl transport s_k(delta123)=C_{k,3}; parity preserved from delta123:29|93",2b2d96a71e5617a7
C_2_3.even.010,C_2_3,"C_{2,3}",1,3,1,even,10,target_reference_basis,weyl_transport,weyl_transport_from_delta123,"even real-root Weyl transport s_k(delta123)=C_{k,3}; parity preserved from delta123:29|93",d84aab8ee9dbb2cc
C_2_3.even.011,C_2_3,"C_{2,3}",1,3,1,even,11,target_reference_basis,weyl_transport,weyl_transport_from_delta123,"even real-root Weyl transport s_k(delta123)=C_{k,3}; parity preserved from delta123:29|93",78aec5889106c638
C_2_3.even.012,C_2_3,"C_{2,3}",1,3,1,even,12,target_reference_basis,weyl_transport,weyl_transport_from_delta123,"even real-root Weyl transport s_k(delta123)=C_{k,3}; parity preserved from delta123:29|93",fb48830ee93fddf8
C_2_3.even.013,C_2_3,"C_{2,3}",1,3,1,even,13,target_reference_basis,weyl_transport,weyl_transport_from_delta123,"even real-root Weyl transport s_k(delta123)=C_{k,3}; parity preserved from delta123:29|93",f46382fee3c7f707
C_2_3.even.014,C_2_3,"C_{2,3}",1,3,1,even,14,target_reference_basis,weyl_transport,weyl_transport_from_delta123,"even real-root Weyl transport s_k(delta123)=C_{k,3}; parity preserved from delta123:29|93",7751a8b4288bb139
C_2_3.even.015,C_2_3,"C_{2,3}",1,3,1,even,15,target_reference_basis,weyl_transport,weyl_transport_from_delta123,"even real-root Weyl transport s_k(delta123)=C_{k,3}; parity preserved from delta123:29|93",9d79d5763a278047
C_2_3.even.016,C_2_3,"C_{2,3}",1,3,1,even,16,target_reference_basis,weyl_transport,weyl_transport_from_delta123,"even real-root Weyl transport s_k(delta123)=C_{k,3}; parity preserved from delta123:29|93",a5de20059ec40f2a
C_2_3.even.017,C_2_3,"C_{2,3}",1,3,1,even,17,target_reference_basis,weyl_transport,weyl_transport_from_delta123,"even real-root Weyl transport s_k(delta123)=C_{k,3}; parity preserved from delta123:29|93",bdc75e55295000ca
C_2_3.even.018,C_2_3,"C_{2,3}",1,3,1,even,18,target_reference_basis,weyl_transport,weyl_transport_from_delta123,"even real-root Weyl transport s_k(delta123)=C_{k,3}; parity preserved from delta123:29|93",bea867fe563eec03
C_2_3.even.019,C_2_3,"C_{2,3}",1,3,1,even,19,target_reference_basis,weyl_transport,weyl_transport_from_delta123,"even real-root Weyl transport s_k(delta123)=C_{k,3}; parity preserved from delta123:29|93",9f52b4adeb0431c8
C_2_3.even.020,C_2_3,"C_{2,3}",1,3,1,even,20,target_reference_basis,weyl_transport,weyl_transport_from_delta123,"even real-root Weyl transport s_k(delta123)=C_{k,3}; parity preserved from delta123:29|93",8eb3d33c683f01f0
C_2_3.even.021,C_2_3,"C_{2,3}",1,3,1,even,21,target_reference_basis,weyl_transport,weyl_transport_from_delta123,"even real-root Weyl transport s_k(delta123)=C_{k,3}; parity preserved from delta123:29|93",222d6efa7c1e1e6d
C_2_3.even.022,C_2_3,"C_{2,3}",1,3,1,even,22,target_reference_basis,weyl_transport,weyl_transport_from_delta123,"even real-root Weyl transport s_k(delta123)=C_{k,3}; parity preserved from delta123:29|93",57427866b341b11d
C_2_3.even.023,C_2_3,"C_{2,3}",1,3,1,even,23,target_reference_basis,weyl_transport,weyl_transport_from_delta123,"even real-root Weyl transport s_k(delta123)=C_{k,3}; parity preserved from delta123:29|93",95cecc322ff60f82
C_2_3.even.024,C_2_3,"C_{2,3}",1,3,1,even,24,target_reference_basis,weyl_transport,weyl_transport_from_delta123,"even real-root Weyl transport s_k(delta123)=C_{k,3}; parity preserved from delta123:29|93",cbfde9ebe9044fae
C_2_3.even.025,C_2_3,"C_{2,3}",1,3,1,even,25,target_reference_basis,weyl_transport,weyl_transport_from_delta123,"even real-root Weyl transport s_k(delta123)=C_{k,3}; parity preserved from delta123:29|93",bc125b610b00d109
C_2_3.even.026,C_2_3,"C_{2,3}",1,3,1,even,26,target_reference_basis,weyl_transport,weyl_transport_from_delta123,"even real-root Weyl transport s_k(delta123)=C_{k,3}; parity preserved from delta123:29|93",d5ddf99ed3d89489
C_2_3.even.027,C_2_3,"C_{2,3}",1,3,1,even,27,target_reference_basis,weyl_transport,weyl_transport_from_delta123,"even real-root Weyl transport s_k(delta123)=C_{k,3}; parity preserved from delta123:29|93",a2f7b853181339c4
C_2_3.even.028,C_2_3,"C_{2,3}",1,3,1,even,28,target_reference_basis,weyl_transport,weyl_transport_from_delta123,"even real-root Weyl transport s_k(delta123)=C_{k,3}; parity preserved from delta123:29|93",679a9274d6a36ff5
C_2_3.even.029,C_2_3,"C_{2,3}",1,3,1,even,29,target_reference_basis,weyl_transport,weyl_transport_from_delta123,"even real-root Weyl transport s_k(delta123)=C_{k,3}; parity preserved from delta123:29|93",d7c9da3073a3466a
C_2_3.odd.001,C_2_3,"C_{2,3}",1,3,1,odd,1,target_reference_basis,weyl_transport,weyl_transport_from_delta123,"even real-root Weyl transport s_k(delta123)=C_{k,3}; parity preserved from delta123:29|93",5bffb41304c3a883
C_2_3.odd.002,C_2_3,"C_{2,3}",1,3,1,odd,2,target_reference_basis,weyl_transport,weyl_transport_from_delta123,"even real-root Weyl transport s_k(delta123)=C_{k,3}; parity preserved from delta123:29|93",a6d013f4fe7c9c78
C_2_3.odd.003,C_2_3,"C_{2,3}",1,3,1,odd,3,target_reference_basis,weyl_transport,weyl_transport_from_delta123,"even real-root Weyl transport s_k(delta123)=C_{k,3}; parity preserved from delta123:29|93",73ff8f7725f0dd6d
C_2_3.odd.004,C_2_3,"C_{2,3}",1,3,1,odd,4,target_reference_basis,weyl_transport,weyl_transport_from_delta123,"even real-root Weyl transport s_k(delta123)=C_{k,3}; parity preserved from delta123:29|93",10b5d7f7499faebe
C_2_3.odd.005,C_2_3,"C_{2,3}",1,3,1,odd,5,target_reference_basis,weyl_transport,weyl_transport_from_delta123,"even real-root Weyl transport s_k(delta123)=C_{k,3}; parity preserved from delta123:29|93",044a22bfed02675d
C_2_3.odd.006,C_2_3,"C_{2,3}",1,3,1,odd,6,target_reference_basis,weyl_transport,weyl_transport_from_delta123,"even real-root Weyl transport s_k(delta123)=C_{k,3}; parity preserved from delta123:29|93",5877d410b6c9bf8d
C_2_3.odd.007,C_2_3,"C_{2,3}",1,3,1,odd,7,target_reference_basis,weyl_transport,weyl_transport_from_delta123,"even real-root Weyl transport s_k(delta123)=C_{k,3}; parity preserved from delta123:29|93",8d57d9f42f263344
C_2_3.odd.008,C_2_3,"C_{2,3}",1,3,1,odd,8,target_reference_basis,weyl_transport,weyl_transport_from_delta123,"even real-root Weyl transport s_k(delta123)=C_{k,3}; parity preserved from delta123:29|93",08d29551fa963498
C_2_3.odd.009,C_2_3,"C_{2,3}",1,3,1,odd,9,target_reference_basis,weyl_transport,weyl_transport_from_delta123,"even real-root Weyl transport s_k(delta123)=C_{k,3}; parity preserved from delta123:29|93",eee521824e0e7f4a
C_2_3.odd.010,C_2_3,"C_{2,3}",1,3,1,odd,10,target_reference_basis,weyl_transport,weyl_transport_from_delta123,"even real-root Weyl transport s_k(delta123)=C_{k,3}; parity preserved from delta123:29|93",aeb43b117062f184
C_2_3.odd.011,C_2_3,"C_{2,3}",1,3,1,odd,11,target_reference_basis,weyl_transport,weyl_transport_from_delta123,"even real-root Weyl transport s_k(delta123)=C_{k,3}; parity preserved from delta123:29|93",8010bf262ed94ed6
C_2_3.odd.012,C_2_3,"C_{2,3}",1,3,1,odd,12,target_reference_basis,weyl_transport,weyl_transport_from_delta123,"even real-root Weyl transport s_k(delta123)=C_{k,3}; parity preserved from delta123:29|93",10eb34ab34cad0a9
C_2_3.odd.013,C_2_3,"C_{2,3}",1,3,1,odd,13,target_reference_basis,weyl_transport,weyl_transport_from_delta123,"even real-root Weyl transport s_k(delta123)=C_{k,3}; parity preserved from delta123:29|93",d3dc1ff3b2f3614c
C_2_3.odd.014,C_2_3,"C_{2,3}",1,3,1,odd,14,target_reference_basis,weyl_transport,weyl_transport_from_delta123,"even real-root Weyl transport s_k(delta123)=C_{k,3}; parity preserved from delta123:29|93",649bedb7264c0530
C_2_3.odd.015,C_2_3,"C_{2,3}",1,3,1,odd,15,target_reference_basis,weyl_transport,weyl_transport_from_delta123,"even real-root Weyl transport s_k(delta123)=C_{k,3}; parity preserved from delta123:29|93",d8cfe8be7cb0f380
C_2_3.odd.016,C_2_3,"C_{2,3}",1,3,1,odd,16,target_reference_basis,weyl_transport,weyl_transport_from_delta123,"even real-root Weyl transport s_k(delta123)=C_{k,3}; parity preserved from delta123:29|93",ebc4ef33c6339955
C_2_3.odd.017,C_2_3,"C_{2,3}",1,3,1,odd,17,target_reference_basis,weyl_transport,weyl_transport_from_delta123,"even real-root Weyl transport s_k(delta123)=C_{k,3}; parity preserved from delta123:29|93",c5be59e46ffe30d2
C_2_3.odd.018,C_2_3,"C_{2,3}",1,3,1,odd,18,target_reference_basis,weyl_transport,weyl_transport_from_delta123,"even real-root Weyl transport s_k(delta123)=C_{k,3}; parity preserved from delta123:29|93",d03ea2f330200692
C_2_3.odd.019,C_2_3,"C_{2,3}",1,3,1,odd,19,target_reference_basis,weyl_transport,weyl_transport_from_delta123,"even real-root Weyl transport s_k(delta123)=C_{k,3}; parity preserved from delta123:29|93",a6a2a54db3f523c8
C_2_3.odd.020,C_2_3,"C_{2,3}",1,3,1,odd,20,target_reference_basis,weyl_transport,weyl_transport_from_delta123,"even real-root Weyl transport s_k(delta123)=C_{k,3}; parity preserved from delta123:29|93",e18f61c57179250d
C_2_3.odd.021,C_2_3,"C_{2,3}",1,3,1,odd,21,target_reference_basis,weyl_transport,weyl_transport_from_delta123,"even real-root Weyl transport s_k(delta123)=C_{k,3}; parity preserved from delta123:29|93",b0cef74119abd2dd
C_2_3.odd.022,C_2_3,"C_{2,3}",1,3,1,odd,22,target_reference_basis,weyl_transport,weyl_transport_from_delta123,"even real-root Weyl transport s_k(delta123)=C_{k,3}; parity preserved from delta123:29|93",4b39d852dd43432a
C_2_3.odd.023,C_2_3,"C_{2,3}",1,3,1,odd,23,target_reference_basis,weyl_transport,weyl_transport_from_delta123,"even real-root Weyl transport s_k(delta123)=C_{k,3}; parity preserved from delta123:29|93",723c459ee9d54abe
C_2_3.odd.024,C_2_3,"C_{2,3}",1,3,1,odd,24,target_reference_basis,weyl_transport,weyl_transport_from_delta123,"even real-root Weyl transport s_k(delta123)=C_{k,3}; parity preserved from delta123:29|93",6cc9d8f9fd2b568c
C_2_3.odd.025,C_2_3,"C_{2,3}",1,3,1,odd,25,target_reference_basis,weyl_transport,weyl_transport_from_delta123,"even real-root Weyl transport s_k(delta123)=C_{k,3}; parity preserved from delta123:29|93",60dfea3a8dd149de
C_2_3.odd.026,C_2_3,"C_{2,3}",1,3,1,odd,26,target_reference_basis,weyl_transport,weyl_transport_from_delta123,"even real-root Weyl transport s_k(delta123)=C_{k,3}; parity preserved from delta123:29|93",d8e97102a470938c
C_2_3.odd.027,C_2_3,"C_{2,3}",1,3,1,odd,27,target_reference_basis,weyl_transport,weyl_transport_from_delta123,"even real-root Weyl transport s_k(delta123)=C_{k,3}; parity preserved from delta123:29|93",376df2118c4272d0
C_2_3.odd.028,C_2_3,"C_{2,3}",1,3,1,odd,28,target_reference_basis,weyl_transport,weyl_transport_from_delta123,"even real-root Weyl transport s_k(delta123)=C_{k,3}; parity preserved from delta123:29|93",de9e48de09e23586
C_2_3.odd.029,C_2_3,"C_{2,3}",1,3,1,odd,29,target_reference_basis,weyl_transport,weyl_transport_from_delta123,"even real-root Weyl transport s_k(delta123)=C_{k,3}; parity preserved from delta123:29|93",90cec226bb2b9c58
C_2_3.odd.030,C_2_3,"C_{2,3}",1,3,1,odd,30,target_reference_basis,weyl_transport,weyl_transport_from_delta123,"even real-root Weyl transport s_k(delta123)=C_{k,3}; parity preserved from delta123:29|93",8e853ceaae0c0fd2
C_2_3.odd.031,C_2_3,"C_{2,3}",1,3,1,odd,31,target_reference_basis,weyl_transport,weyl_transport_from_delta123,"even real-root Weyl transport s_k(delta123)=C_{k,3}; parity preserved from delta123:29|93",183ceea7ebdfe9da
C_2_3.odd.032,C_2_3,"C_{2,3}",1,3,1,odd,32,target_reference_basis,weyl_transport,weyl_transport_from_delta123,"even real-root Weyl transport s_k(delta123)=C_{k,3}; parity preserved from delta123:29|93",c02d7edcec320df9
C_2_3.odd.033,C_2_3,"C_{2,3}",1,3,1,odd,33,target_reference_basis,weyl_transport,weyl_transport_from_delta123,"even real-root Weyl transport s_k(delta123)=C_{k,3}; parity preserved from delta123:29|93",80dfe1c33bc0bac5
C_2_3.odd.034,C_2_3,"C_{2,3}",1,3,1,odd,34,target_reference_basis,weyl_transport,weyl_transport_from_delta123,"even real-root Weyl transport s_k(delta123)=C_{k,3}; parity preserved from delta123:29|93",7661477d6f5788c3
C_2_3.odd.035,C_2_3,"C_{2,3}",1,3,1,odd,35,target_reference_basis,weyl_transport,weyl_transport_from_delta123,"even real-root Weyl transport s_k(delta123)=C_{k,3}; parity preserved from delta123:29|93",6ade84abdf491d36
C_2_3.odd.036,C_2_3,"C_{2,3}",1,3,1,odd,36,target_reference_basis,weyl_transport,weyl_transport_from_delta123,"even real-root Weyl transport s_k(delta123)=C_{k,3}; parity preserved from delta123:29|93",637d7863b41b672b
C_2_3.odd.037,C_2_3,"C_{2,3}",1,3,1,odd,37,target_reference_basis,weyl_transport,weyl_transport_from_delta123,"even real-root Weyl transport s_k(delta123)=C_{k,3}; parity preserved from delta123:29|93",e75513916fbce684
C_2_3.odd.038,C_2_3,"C_{2,3}",1,3,1,odd,38,target_reference_basis,weyl_transport,weyl_transport_from_delta123,"even real-root Weyl transport s_k(delta123)=C_{k,3}; parity preserved from delta123:29|93",359173a0b57f9813
C_2_3.odd.039,C_2_3,"C_{2,3}",1,3,1,odd,39,target_reference_basis,weyl_transport,weyl_transport_from_delta123,"even real-root Weyl transport s_k(delta123)=C_{k,3}; parity preserved from delta123:29|93",f932a0c1900b0cae
C_2_3.odd.040,C_2_3,"C_{2,3}",1,3,1,odd,40,target_reference_basis,weyl_transport,weyl_transport_from_delta123,"even real-root Weyl transport s_k(delta123)=C_{k,3}; parity preserved from delta123:29|93",2bf874d20c1465ff
C_2_3.odd.041,C_2_3,"C_{2,3}",1,3,1,odd,41,target_reference_basis,weyl_transport,weyl_transport_from_delta123,"even real-root Weyl transport s_k(delta123)=C_{k,3}; parity preserved from delta123:29|93",ab60da1db196e385
C_2_3.odd.042,C_2_3,"C_{2,3}",1,3,1,odd,42,target_reference_basis,weyl_transport,weyl_transport_from_delta123,"even real-root Weyl transport s_k(delta123)=C_{k,3}; parity preserved from delta123:29|93",0f69dc24733f692e
C_2_3.odd.043,C_2_3,"C_{2,3}",1,3,1,odd,43,target_reference_basis,weyl_transport,weyl_transport_from_delta123,"even real-root Weyl transport s_k(delta123)=C_{k,3}; parity preserved from delta123:29|93",118ba1d116356e99
C_2_3.odd.044,C_2_3,"C_{2,3}",1,3,1,odd,44,target_reference_basis,weyl_transport,weyl_transport_from_delta123,"even real-root Weyl transport s_k(delta123)=C_{k,3}; parity preserved from delta123:29|93",c836d14ebf3ef189
C_2_3.odd.045,C_2_3,"C_{2,3}",1,3,1,odd,45,target_reference_basis,weyl_transport,weyl_transport_from_delta123,"even real-root Weyl transport s_k(delta123)=C_{k,3}; parity preserved from delta123:29|93",8f22a3a90fb27544
C_2_3.odd.046,C_2_3,"C_{2,3}",1,3,1,odd,46,target_reference_basis,weyl_transport,weyl_transport_from_delta123,"even real-root Weyl transport s_k(delta123)=C_{k,3}; parity preserved from delta123:29|93",c5b38a4f48ea8ecf
C_2_3.odd.047,C_2_3,"C_{2,3}",1,3,1,odd,47,target_reference_basis,weyl_transport,weyl_transport_from_delta123,"even real-root Weyl transport s_k(delta123)=C_{k,3}; parity preserved from delta123:29|93",74eb4907b2172423
C_2_3.odd.048,C_2_3,"C_{2,3}",1,3,1,odd,48,target_reference_basis,weyl_transport,weyl_transport_from_delta123,"even real-root Weyl transport s_k(delta123)=C_{k,3}; parity preserved from delta123:29|93",bd1cccef908b41ad
C_2_3.odd.049,C_2_3,"C_{2,3}",1,3,1,odd,49,target_reference_basis,weyl_transport,weyl_transport_from_delta123,"even real-root Weyl transport s_k(delta123)=C_{k,3}; parity preserved from delta123:29|93",aec19a2c9cd8b5a9
C_2_3.odd.050,C_2_3,"C_{2,3}",1,3,1,odd,50,target_reference_basis,weyl_transport,weyl_transport_from_delta123,"even real-root Weyl transport s_k(delta123)=C_{k,3}; parity preserved from delta123:29|93",28a26e9cebb7f3e7
C_2_3.odd.051,C_2_3,"C_{2,3}",1,3,1,odd,51,target_reference_basis,weyl_transport,weyl_transport_from_delta123,"even real-root Weyl transport s_k(delta123)=C_{k,3}; parity preserved from delta123:29|93",9e1f39f55d8b15fd
C_2_3.odd.052,C_2_3,"C_{2,3}",1,3,1,odd,52,target_reference_basis,weyl_transport,weyl_transport_from_delta123,"even real-root Weyl transport s_k(delta123)=C_{k,3}; parity preserved from delta123:29|93",401bd1e62ebee2f1
C_2_3.odd.053,C_2_3,"C_{2,3}",1,3,1,odd,53,target_reference_basis,weyl_transport,weyl_transport_from_delta123,"even real-root Weyl transport s_k(delta123)=C_{k,3}; parity preserved from delta123:29|93",de8d93909302cad2
C_2_3.odd.054,C_2_3,"C_{2,3}",1,3,1,odd,54,target_reference_basis,weyl_transport,weyl_transport_from_delta123,"even real-root Weyl transport s_k(delta123)=C_{k,3}; parity preserved from delta123:29|93",9549eaad2b7df94b
C_2_3.odd.055,C_2_3,"C_{2,3}",1,3,1,odd,55,target_reference_basis,weyl_transport,weyl_transport_from_delta123,"even real-root Weyl transport s_k(delta123)=C_{k,3}; parity preserved from delta123:29|93",ec1d7f1b2df96b8d
C_2_3.odd.056,C_2_3,"C_{2,3}",1,3,1,odd,56,target_reference_basis,weyl_transport,weyl_transport_from_delta123,"even real-root Weyl transport s_k(delta123)=C_{k,3}; parity preserved from delta123:29|93",dc709bf17f13b9a8
C_2_3.odd.057,C_2_3,"C_{2,3}",1,3,1,odd,57,target_reference_basis,weyl_transport,weyl_transport_from_delta123,"even real-root Weyl transport s_k(delta123)=C_{k,3}; parity preserved from delta123:29|93",ac8c935d79478d9e
C_2_3.odd.058,C_2_3,"C_{2,3}",1,3,1,odd,58,target_reference_basis,weyl_transport,weyl_transport_from_delta123,"even real-root Weyl transport s_k(delta123)=C_{k,3}; parity preserved from delta123:29|93",b9cee963b17c29df
C_2_3.odd.059,C_2_3,"C_{2,3}",1,3,1,odd,59,target_reference_basis,weyl_transport,weyl_transport_from_delta123,"even real-root Weyl transport s_k(delta123)=C_{k,3}; parity preserved from delta123:29|93",089237508461a77f
C_2_3.odd.060,C_2_3,"C_{2,3}",1,3,1,odd,60,target_reference_basis,weyl_transport,weyl_transport_from_delta123,"even real-root Weyl transport s_k(delta123)=C_{k,3}; parity preserved from delta123:29|93",ce5261020f83a9c2
C_2_3.odd.061,C_2_3,"C_{2,3}",1,3,1,odd,61,target_reference_basis,weyl_transport,weyl_transport_from_delta123,"even real-root Weyl transport s_k(delta123)=C_{k,3}; parity preserved from delta123:29|93",6faaa5c0d88a7e97
C_2_3.odd.062,C_2_3,"C_{2,3}",1,3,1,odd,62,target_reference_basis,weyl_transport,weyl_transport_from_delta123,"even real-root Weyl transport s_k(delta123)=C_{k,3}; parity preserved from delta123:29|93",819c10e1ff5d69f5
C_2_3.odd.063,C_2_3,"C_{2,3}",1,3,1,odd,63,target_reference_basis,weyl_transport,weyl_transport_from_delta123,"even real-root Weyl transport s_k(delta123)=C_{k,3}; parity preserved from delta123:29|93",010d0d44a84b8f7c
C_2_3.odd.064,C_2_3,"C_{2,3}",1,3,1,odd,64,target_reference_basis,weyl_transport,weyl_transport_from_delta123,"even real-root Weyl transport s_k(delta123)=C_{k,3}; parity preserved from delta123:29|93",9b26488db3de130f
C_2_3.odd.065,C_2_3,"C_{2,3}",1,3,1,odd,65,target_reference_basis,weyl_transport,weyl_transport_from_delta123,"even real-root Weyl transport s_k(delta123)=C_{k,3}; parity preserved from delta123:29|93",a8f95ee8a7651c0d
C_2_3.odd.066,C_2_3,"C_{2,3}",1,3,1,odd,66,target_reference_basis,weyl_transport,weyl_transport_from_delta123,"even real-root Weyl transport s_k(delta123)=C_{k,3}; parity preserved from delta123:29|93",4836a9485627c85a
C_2_3.odd.067,C_2_3,"C_{2,3}",1,3,1,odd,67,target_reference_basis,weyl_transport,weyl_transport_from_delta123,"even real-root Weyl transport s_k(delta123)=C_{k,3}; parity preserved from delta123:29|93",1b8e086673257d84
C_2_3.odd.068,C_2_3,"C_{2,3}",1,3,1,odd,68,target_reference_basis,weyl_transport,weyl_transport_from_delta123,"even real-root Weyl transport s_k(delta123)=C_{k,3}; parity preserved from delta123:29|93",bb6aaa63dcb2342d
C_2_3.odd.069,C_2_3,"C_{2,3}",1,3,1,odd,69,target_reference_basis,weyl_transport,weyl_transport_from_delta123,"even real-root Weyl transport s_k(delta123)=C_{k,3}; parity preserved from delta123:29|93",b6d5f5834dae7ac3
C_2_3.odd.070,C_2_3,"C_{2,3}",1,3,1,odd,70,target_reference_basis,weyl_transport,weyl_transport_from_delta123,"even real-root Weyl transport s_k(delta123)=C_{k,3}; parity preserved from delta123:29|93",d08fc932d93328ea
C_2_3.odd.071,C_2_3,"C_{2,3}",1,3,1,odd,71,target_reference_basis,weyl_transport,weyl_transport_from_delta123,"even real-root Weyl transport s_k(delta123)=C_{k,3}; parity preserved from delta123:29|93",42786cbdcdab61d7
C_2_3.odd.072,C_2_3,"C_{2,3}",1,3,1,odd,72,target_reference_basis,weyl_transport,weyl_transport_from_delta123,"even real-root Weyl transport s_k(delta123)=C_{k,3}; parity preserved from delta123:29|93",05cfa7c9e9b6f35c
C_2_3.odd.073,C_2_3,"C_{2,3}",1,3,1,odd,73,target_reference_basis,weyl_transport,weyl_transport_from_delta123,"even real-root Weyl transport s_k(delta123)=C_{k,3}; parity preserved from delta123:29|93",8b1ac3b47e335603
C_2_3.odd.074,C_2_3,"C_{2,3}",1,3,1,odd,74,target_reference_basis,weyl_transport,weyl_transport_from_delta123,"even real-root Weyl transport s_k(delta123)=C_{k,3}; parity preserved from delta123:29|93",2f7c5ae5e84b1274
C_2_3.odd.075,C_2_3,"C_{2,3}",1,3,1,odd,75,target_reference_basis,weyl_transport,weyl_transport_from_delta123,"even real-root Weyl transport s_k(delta123)=C_{k,3}; parity preserved from delta123:29|93",88c384efe5fb7426
C_2_3.odd.076,C_2_3,"C_{2,3}",1,3,1,odd,76,target_reference_basis,weyl_transport,weyl_transport_from_delta123,"even real-root Weyl transport s_k(delta123)=C_{k,3}; parity preserved from delta123:29|93",0cb3c7299f7f87f5
C_2_3.odd.077,C_2_3,"C_{2,3}",1,3,1,odd,77,target_reference_basis,weyl_transport,weyl_transport_from_delta123,"even real-root Weyl transport s_k(delta123)=C_{k,3}; parity preserved from delta123:29|93",6d9c15515049594e
C_2_3.odd.078,C_2_3,"C_{2,3}",1,3,1,odd,78,target_reference_basis,weyl_transport,weyl_transport_from_delta123,"even real-root Weyl transport s_k(delta123)=C_{k,3}; parity preserved from delta123:29|93",362558295bd657e0
C_2_3.odd.079,C_2_3,"C_{2,3}",1,3,1,odd,79,target_reference_basis,weyl_transport,weyl_transport_from_delta123,"even real-root Weyl transport s_k(delta123)=C_{k,3}; parity preserved from delta123:29|93",84056cfcb8462b22
C_2_3.odd.080,C_2_3,"C_{2,3}",1,3,1,odd,80,target_reference_basis,weyl_transport,weyl_transport_from_delta123,"even real-root Weyl transport s_k(delta123)=C_{k,3}; parity preserved from delta123:29|93",3d8ea3339b61191e
C_2_3.odd.081,C_2_3,"C_{2,3}",1,3,1,odd,81,target_reference_basis,weyl_transport,weyl_transport_from_delta123,"even real-root Weyl transport s_k(delta123)=C_{k,3}; parity preserved from delta123:29|93",87e32b330c2ed94e
C_2_3.odd.082,C_2_3,"C_{2,3}",1,3,1,odd,82,target_reference_basis,weyl_transport,weyl_transport_from_delta123,"even real-root Weyl transport s_k(delta123)=C_{k,3}; parity preserved from delta123:29|93",8b0d86fcbf895970
C_2_3.odd.083,C_2_3,"C_{2,3}",1,3,1,odd,83,target_reference_basis,weyl_transport,weyl_transport_from_delta123,"even real-root Weyl transport s_k(delta123)=C_{k,3}; parity preserved from delta123:29|93",7759b2993627e7d2
C_2_3.odd.084,C_2_3,"C_{2,3}",1,3,1,odd,84,target_reference_basis,weyl_transport,weyl_transport_from_delta123,"even real-root Weyl transport s_k(delta123)=C_{k,3}; parity preserved from delta123:29|93",93c4bed8d85782e7
C_2_3.odd.085,C_2_3,"C_{2,3}",1,3,1,odd,85,target_reference_basis,weyl_transport,weyl_transport_from_delta123,"even real-root Weyl transport s_k(delta123)=C_{k,3}; parity preserved from delta123:29|93",22a75201a3891329
C_2_3.odd.086,C_2_3,"C_{2,3}",1,3,1,odd,86,target_reference_basis,weyl_transport,weyl_transport_from_delta123,"even real-root Weyl transport s_k(delta123)=C_{k,3}; parity preserved from delta123:29|93",97a14e264d0c8f73
C_2_3.odd.087,C_2_3,"C_{2,3}",1,3,1,odd,87,target_reference_basis,weyl_transport,weyl_transport_from_delta123,"even real-root Weyl transport s_k(delta123)=C_{k,3}; parity preserved from delta123:29|93",d39554c90337c9d8
C_2_3.odd.088,C_2_3,"C_{2,3}",1,3,1,odd,88,target_reference_basis,weyl_transport,weyl_transport_from_delta123,"even real-root Weyl transport s_k(delta123)=C_{k,3}; parity preserved from delta123:29|93",f8608c1dcc2a0aa9
C_2_3.odd.089,C_2_3,"C_{2,3}",1,3,1,odd,89,target_reference_basis,weyl_transport,weyl_transport_from_delta123,"even real-root Weyl transport s_k(delta123)=C_{k,3}; parity preserved from delta123:29|93",06443f155d4c9712
C_2_3.odd.090,C_2_3,"C_{2,3}",1,3,1,odd,90,target_reference_basis,weyl_transport,weyl_transport_from_delta123,"even real-root Weyl transport s_k(delta123)=C_{k,3}; parity preserved from delta123:29|93",55e2cb67e933d430
C_2_3.odd.091,C_2_3,"C_{2,3}",1,3,1,odd,91,target_reference_basis,weyl_transport,weyl_transport_from_delta123,"even real-root Weyl transport s_k(delta123)=C_{k,3}; parity preserved from delta123:29|93",90694e78d39ba7ed
C_2_3.odd.092,C_2_3,"C_{2,3}",1,3,1,odd,92,target_reference_basis,weyl_transport,weyl_transport_from_delta123,"even real-root Weyl transport s_k(delta123)=C_{k,3}; parity preserved from delta123:29|93",87e1e80f15076209
C_2_3.odd.093,C_2_3,"C_{2,3}",1,3,1,odd,93,target_reference_basis,weyl_transport,weyl_transport_from_delta123,"even real-root Weyl transport s_k(delta123)=C_{k,3}; parity preserved from delta123:29|93",9d9060ecd26208aa
C_3_3.even.001,C_3_3,"C_{3,3}",1,1,3,even,1,target_reference_basis,weyl_transport,weyl_transport_from_delta123,"even real-root Weyl transport s_k(delta123)=C_{k,3}; parity preserved from delta123:29|93",e591dc1f95dbac59
C_3_3.even.002,C_3_3,"C_{3,3}",1,1,3,even,2,target_reference_basis,weyl_transport,weyl_transport_from_delta123,"even real-root Weyl transport s_k(delta123)=C_{k,3}; parity preserved from delta123:29|93",4f686bcb72f15540
C_3_3.even.003,C_3_3,"C_{3,3}",1,1,3,even,3,target_reference_basis,weyl_transport,weyl_transport_from_delta123,"even real-root Weyl transport s_k(delta123)=C_{k,3}; parity preserved from delta123:29|93",a8433c4f029cc456
C_3_3.even.004,C_3_3,"C_{3,3}",1,1,3,even,4,target_reference_basis,weyl_transport,weyl_transport_from_delta123,"even real-root Weyl transport s_k(delta123)=C_{k,3}; parity preserved from delta123:29|93",bff3e9399237ea68
C_3_3.even.005,C_3_3,"C_{3,3}",1,1,3,even,5,target_reference_basis,weyl_transport,weyl_transport_from_delta123,"even real-root Weyl transport s_k(delta123)=C_{k,3}; parity preserved from delta123:29|93",1a7dfda463dcdae0
C_3_3.even.006,C_3_3,"C_{3,3}",1,1,3,even,6,target_reference_basis,weyl_transport,weyl_transport_from_delta123,"even real-root Weyl transport s_k(delta123)=C_{k,3}; parity preserved from delta123:29|93",9ef3d74ee996fe77
C_3_3.even.007,C_3_3,"C_{3,3}",1,1,3,even,7,target_reference_basis,weyl_transport,weyl_transport_from_delta123,"even real-root Weyl transport s_k(delta123)=C_{k,3}; parity preserved from delta123:29|93",74e6204706df755c
C_3_3.even.008,C_3_3,"C_{3,3}",1,1,3,even,8,target_reference_basis,weyl_transport,weyl_transport_from_delta123,"even real-root Weyl transport s_k(delta123)=C_{k,3}; parity preserved from delta123:29|93",6f529d82ccbfd99e
C_3_3.even.009,C_3_3,"C_{3,3}",1,1,3,even,9,target_reference_basis,weyl_transport,weyl_transport_from_delta123,"even real-root Weyl transport s_k(delta123)=C_{k,3}; parity preserved from delta123:29|93",b61885c882d5e782
C_3_3.even.010,C_3_3,"C_{3,3}",1,1,3,even,10,target_reference_basis,weyl_transport,weyl_transport_from_delta123,"even real-root Weyl transport s_k(delta123)=C_{k,3}; parity preserved from delta123:29|93",104347fb42aaa002
C_3_3.even.011,C_3_3,"C_{3,3}",1,1,3,even,11,target_reference_basis,weyl_transport,weyl_transport_from_delta123,"even real-root Weyl transport s_k(delta123)=C_{k,3}; parity preserved from delta123:29|93",4dcec6020076032f
C_3_3.even.012,C_3_3,"C_{3,3}",1,1,3,even,12,target_reference_basis,weyl_transport,weyl_transport_from_delta123,"even real-root Weyl transport s_k(delta123)=C_{k,3}; parity preserved from delta123:29|93",6ac171c9b3e63e3e
C_3_3.even.013,C_3_3,"C_{3,3}",1,1,3,even,13,target_reference_basis,weyl_transport,weyl_transport_from_delta123,"even real-root Weyl transport s_k(delta123)=C_{k,3}; parity preserved from delta123:29|93",0557ce4ca924bbbd
C_3_3.even.014,C_3_3,"C_{3,3}",1,1,3,even,14,target_reference_basis,weyl_transport,weyl_transport_from_delta123,"even real-root Weyl transport s_k(delta123)=C_{k,3}; parity preserved from delta123:29|93",b1f4c9957b6acd92
C_3_3.even.015,C_3_3,"C_{3,3}",1,1,3,even,15,target_reference_basis,weyl_transport,weyl_transport_from_delta123,"even real-root Weyl transport s_k(delta123)=C_{k,3}; parity preserved from delta123:29|93",39591573f22b21ca
C_3_3.even.016,C_3_3,"C_{3,3}",1,1,3,even,16,target_reference_basis,weyl_transport,weyl_transport_from_delta123,"even real-root Weyl transport s_k(delta123)=C_{k,3}; parity preserved from delta123:29|93",9806b8a7a3498dcb
C_3_3.even.017,C_3_3,"C_{3,3}",1,1,3,even,17,target_reference_basis,weyl_transport,weyl_transport_from_delta123,"even real-root Weyl transport s_k(delta123)=C_{k,3}; parity preserved from delta123:29|93",0702dc2e99772794
C_3_3.even.018,C_3_3,"C_{3,3}",1,1,3,even,18,target_reference_basis,weyl_transport,weyl_transport_from_delta123,"even real-root Weyl transport s_k(delta123)=C_{k,3}; parity preserved from delta123:29|93",ff938cbb7bc6709d
C_3_3.even.019,C_3_3,"C_{3,3}",1,1,3,even,19,target_reference_basis,weyl_transport,weyl_transport_from_delta123,"even real-root Weyl transport s_k(delta123)=C_{k,3}; parity preserved from delta123:29|93",eafa84b4a0de4d5a
C_3_3.even.020,C_3_3,"C_{3,3}",1,1,3,even,20,target_reference_basis,weyl_transport,weyl_transport_from_delta123,"even real-root Weyl transport s_k(delta123)=C_{k,3}; parity preserved from delta123:29|93",a609308d4de52786
C_3_3.even.021,C_3_3,"C_{3,3}",1,1,3,even,21,target_reference_basis,weyl_transport,weyl_transport_from_delta123,"even real-root Weyl transport s_k(delta123)=C_{k,3}; parity preserved from delta123:29|93",9b7053c15ec63e27
C_3_3.even.022,C_3_3,"C_{3,3}",1,1,3,even,22,target_reference_basis,weyl_transport,weyl_transport_from_delta123,"even real-root Weyl transport s_k(delta123)=C_{k,3}; parity preserved from delta123:29|93",ee65d16155aa198c
C_3_3.even.023,C_3_3,"C_{3,3}",1,1,3,even,23,target_reference_basis,weyl_transport,weyl_transport_from_delta123,"even real-root Weyl transport s_k(delta123)=C_{k,3}; parity preserved from delta123:29|93",ff5ce40c74231a93
C_3_3.even.024,C_3_3,"C_{3,3}",1,1,3,even,24,target_reference_basis,weyl_transport,weyl_transport_from_delta123,"even real-root Weyl transport s_k(delta123)=C_{k,3}; parity preserved from delta123:29|93",df9345357c35cc96
C_3_3.even.025,C_3_3,"C_{3,3}",1,1,3,even,25,target_reference_basis,weyl_transport,weyl_transport_from_delta123,"even real-root Weyl transport s_k(delta123)=C_{k,3}; parity preserved from delta123:29|93",20d4a08da49dbb80
C_3_3.even.026,C_3_3,"C_{3,3}",1,1,3,even,26,target_reference_basis,weyl_transport,weyl_transport_from_delta123,"even real-root Weyl transport s_k(delta123)=C_{k,3}; parity preserved from delta123:29|93",f94b2c64a83f57b9
C_3_3.even.027,C_3_3,"C_{3,3}",1,1,3,even,27,target_reference_basis,weyl_transport,weyl_transport_from_delta123,"even real-root Weyl transport s_k(delta123)=C_{k,3}; parity preserved from delta123:29|93",2e8a40be9de838f8
C_3_3.even.028,C_3_3,"C_{3,3}",1,1,3,even,28,target_reference_basis,weyl_transport,weyl_transport_from_delta123,"even real-root Weyl transport s_k(delta123)=C_{k,3}; parity preserved from delta123:29|93",8109b8f9913a4fb4
C_3_3.even.029,C_3_3,"C_{3,3}",1,1,3,even,29,target_reference_basis,weyl_transport,weyl_transport_from_delta123,"even real-root Weyl transport s_k(delta123)=C_{k,3}; parity preserved from delta123:29|93",dfd646ec0fe36b02
C_3_3.odd.001,C_3_3,"C_{3,3}",1,1,3,odd,1,target_reference_basis,weyl_transport,weyl_transport_from_delta123,"even real-root Weyl transport s_k(delta123)=C_{k,3}; parity preserved from delta123:29|93",d49ec0db83b29c22
C_3_3.odd.002,C_3_3,"C_{3,3}",1,1,3,odd,2,target_reference_basis,weyl_transport,weyl_transport_from_delta123,"even real-root Weyl transport s_k(delta123)=C_{k,3}; parity preserved from delta123:29|93",15cc694718181c9c
C_3_3.odd.003,C_3_3,"C_{3,3}",1,1,3,odd,3,target_reference_basis,weyl_transport,weyl_transport_from_delta123,"even real-root Weyl transport s_k(delta123)=C_{k,3}; parity preserved from delta123:29|93",ad86327d9f837cc7
C_3_3.odd.004,C_3_3,"C_{3,3}",1,1,3,odd,4,target_reference_basis,weyl_transport,weyl_transport_from_delta123,"even real-root Weyl transport s_k(delta123)=C_{k,3}; parity preserved from delta123:29|93",61fbd2aba05218bf
C_3_3.odd.005,C_3_3,"C_{3,3}",1,1,3,odd,5,target_reference_basis,weyl_transport,weyl_transport_from_delta123,"even real-root Weyl transport s_k(delta123)=C_{k,3}; parity preserved from delta123:29|93",273300fe95e99cb7
C_3_3.odd.006,C_3_3,"C_{3,3}",1,1,3,odd,6,target_reference_basis,weyl_transport,weyl_transport_from_delta123,"even real-root Weyl transport s_k(delta123)=C_{k,3}; parity preserved from delta123:29|93",963ff596d6c2688e
C_3_3.odd.007,C_3_3,"C_{3,3}",1,1,3,odd,7,target_reference_basis,weyl_transport,weyl_transport_from_delta123,"even real-root Weyl transport s_k(delta123)=C_{k,3}; parity preserved from delta123:29|93",a932dc3105803493
C_3_3.odd.008,C_3_3,"C_{3,3}",1,1,3,odd,8,target_reference_basis,weyl_transport,weyl_transport_from_delta123,"even real-root Weyl transport s_k(delta123)=C_{k,3}; parity preserved from delta123:29|93",89a1d89e2c061f4d
C_3_3.odd.009,C_3_3,"C_{3,3}",1,1,3,odd,9,target_reference_basis,weyl_transport,weyl_transport_from_delta123,"even real-root Weyl transport s_k(delta123)=C_{k,3}; parity preserved from delta123:29|93",d1f94b3db8d58eb8
C_3_3.odd.010,C_3_3,"C_{3,3}",1,1,3,odd,10,target_reference_basis,weyl_transport,weyl_transport_from_delta123,"even real-root Weyl transport s_k(delta123)=C_{k,3}; parity preserved from delta123:29|93",0bdcb4fa0373f85c
C_3_3.odd.011,C_3_3,"C_{3,3}",1,1,3,odd,11,target_reference_basis,weyl_transport,weyl_transport_from_delta123,"even real-root Weyl transport s_k(delta123)=C_{k,3}; parity preserved from delta123:29|93",98e0adde77279eb6
C_3_3.odd.012,C_3_3,"C_{3,3}",1,1,3,odd,12,target_reference_basis,weyl_transport,weyl_transport_from_delta123,"even real-root Weyl transport s_k(delta123)=C_{k,3}; parity preserved from delta123:29|93",dd31271867314373
C_3_3.odd.013,C_3_3,"C_{3,3}",1,1,3,odd,13,target_reference_basis,weyl_transport,weyl_transport_from_delta123,"even real-root Weyl transport s_k(delta123)=C_{k,3}; parity preserved from delta123:29|93",5b732a4b12816316
C_3_3.odd.014,C_3_3,"C_{3,3}",1,1,3,odd,14,target_reference_basis,weyl_transport,weyl_transport_from_delta123,"even real-root Weyl transport s_k(delta123)=C_{k,3}; parity preserved from delta123:29|93",4626f8ccfbc652a7
C_3_3.odd.015,C_3_3,"C_{3,3}",1,1,3,odd,15,target_reference_basis,weyl_transport,weyl_transport_from_delta123,"even real-root Weyl transport s_k(delta123)=C_{k,3}; parity preserved from delta123:29|93",d17ad2666ae0648f
C_3_3.odd.016,C_3_3,"C_{3,3}",1,1,3,odd,16,target_reference_basis,weyl_transport,weyl_transport_from_delta123,"even real-root Weyl transport s_k(delta123)=C_{k,3}; parity preserved from delta123:29|93",d894958991272d8a
C_3_3.odd.017,C_3_3,"C_{3,3}",1,1,3,odd,17,target_reference_basis,weyl_transport,weyl_transport_from_delta123,"even real-root Weyl transport s_k(delta123)=C_{k,3}; parity preserved from delta123:29|93",4235cadfeb6d4ad0
C_3_3.odd.018,C_3_3,"C_{3,3}",1,1,3,odd,18,target_reference_basis,weyl_transport,weyl_transport_from_delta123,"even real-root Weyl transport s_k(delta123)=C_{k,3}; parity preserved from delta123:29|93",46dda54695c6f82b
C_3_3.odd.019,C_3_3,"C_{3,3}",1,1,3,odd,19,target_reference_basis,weyl_transport,weyl_transport_from_delta123,"even real-root Weyl transport s_k(delta123)=C_{k,3}; parity preserved from delta123:29|93",165d0e467b744d7e
C_3_3.odd.020,C_3_3,"C_{3,3}",1,1,3,odd,20,target_reference_basis,weyl_transport,weyl_transport_from_delta123,"even real-root Weyl transport s_k(delta123)=C_{k,3}; parity preserved from delta123:29|93",c8e861882da40ee2
C_3_3.odd.021,C_3_3,"C_{3,3}",1,1,3,odd,21,target_reference_basis,weyl_transport,weyl_transport_from_delta123,"even real-root Weyl transport s_k(delta123)=C_{k,3}; parity preserved from delta123:29|93",e97edefbf1f1d85d
C_3_3.odd.022,C_3_3,"C_{3,3}",1,1,3,odd,22,target_reference_basis,weyl_transport,weyl_transport_from_delta123,"even real-root Weyl transport s_k(delta123)=C_{k,3}; parity preserved from delta123:29|93",070bb64d4711039b
C_3_3.odd.023,C_3_3,"C_{3,3}",1,1,3,odd,23,target_reference_basis,weyl_transport,weyl_transport_from_delta123,"even real-root Weyl transport s_k(delta123)=C_{k,3}; parity preserved from delta123:29|93",28dc2f2112758911
C_3_3.odd.024,C_3_3,"C_{3,3}",1,1,3,odd,24,target_reference_basis,weyl_transport,weyl_transport_from_delta123,"even real-root Weyl transport s_k(delta123)=C_{k,3}; parity preserved from delta123:29|93",94e5bec5a9be3c3b
C_3_3.odd.025,C_3_3,"C_{3,3}",1,1,3,odd,25,target_reference_basis,weyl_transport,weyl_transport_from_delta123,"even real-root Weyl transport s_k(delta123)=C_{k,3}; parity preserved from delta123:29|93",035d44fd412d1b7f
C_3_3.odd.026,C_3_3,"C_{3,3}",1,1,3,odd,26,target_reference_basis,weyl_transport,weyl_transport_from_delta123,"even real-root Weyl transport s_k(delta123)=C_{k,3}; parity preserved from delta123:29|93",34667b72462464f5
C_3_3.odd.027,C_3_3,"C_{3,3}",1,1,3,odd,27,target_reference_basis,weyl_transport,weyl_transport_from_delta123,"even real-root Weyl transport s_k(delta123)=C_{k,3}; parity preserved from delta123:29|93",e50d09d2fdaab20f
C_3_3.odd.028,C_3_3,"C_{3,3}",1,1,3,odd,28,target_reference_basis,weyl_transport,weyl_transport_from_delta123,"even real-root Weyl transport s_k(delta123)=C_{k,3}; parity preserved from delta123:29|93",ac335a80fe82dbbb
C_3_3.odd.029,C_3_3,"C_{3,3}",1,1,3,odd,29,target_reference_basis,weyl_transport,weyl_transport_from_delta123,"even real-root Weyl transport s_k(delta123)=C_{k,3}; parity preserved from delta123:29|93",eb9de543c60ba3df
C_3_3.odd.030,C_3_3,"C_{3,3}",1,1,3,odd,30,target_reference_basis,weyl_transport,weyl_transport_from_delta123,"even real-root Weyl transport s_k(delta123)=C_{k,3}; parity preserved from delta123:29|93",2620a075955bc3c1
C_3_3.odd.031,C_3_3,"C_{3,3}",1,1,3,odd,31,target_reference_basis,weyl_transport,weyl_transport_from_delta123,"even real-root Weyl transport s_k(delta123)=C_{k,3}; parity preserved from delta123:29|93",9f25a0ee38872daf
C_3_3.odd.032,C_3_3,"C_{3,3}",1,1,3,odd,32,target_reference_basis,weyl_transport,weyl_transport_from_delta123,"even real-root Weyl transport s_k(delta123)=C_{k,3}; parity preserved from delta123:29|93",f24f6532c022307f
C_3_3.odd.033,C_3_3,"C_{3,3}",1,1,3,odd,33,target_reference_basis,weyl_transport,weyl_transport_from_delta123,"even real-root Weyl transport s_k(delta123)=C_{k,3}; parity preserved from delta123:29|93",20c44c1ebfee1bd4
C_3_3.odd.034,C_3_3,"C_{3,3}",1,1,3,odd,34,target_reference_basis,weyl_transport,weyl_transport_from_delta123,"even real-root Weyl transport s_k(delta123)=C_{k,3}; parity preserved from delta123:29|93",5c227b214d11a687
C_3_3.odd.035,C_3_3,"C_{3,3}",1,1,3,odd,35,target_reference_basis,weyl_transport,weyl_transport_from_delta123,"even real-root Weyl transport s_k(delta123)=C_{k,3}; parity preserved from delta123:29|93",c2e227ea88163997
C_3_3.odd.036,C_3_3,"C_{3,3}",1,1,3,odd,36,target_reference_basis,weyl_transport,weyl_transport_from_delta123,"even real-root Weyl transport s_k(delta123)=C_{k,3}; parity preserved from delta123:29|93",1c30ac4fe24b919d
C_3_3.odd.037,C_3_3,"C_{3,3}",1,1,3,odd,37,target_reference_basis,weyl_transport,weyl_transport_from_delta123,"even real-root Weyl transport s_k(delta123)=C_{k,3}; parity preserved from delta123:29|93",e46bba7652e81e1a
C_3_3.odd.038,C_3_3,"C_{3,3}",1,1,3,odd,38,target_reference_basis,weyl_transport,weyl_transport_from_delta123,"even real-root Weyl transport s_k(delta123)=C_{k,3}; parity preserved from delta123:29|93",7e92839574e62f8e
C_3_3.odd.039,C_3_3,"C_{3,3}",1,1,3,odd,39,target_reference_basis,weyl_transport,weyl_transport_from_delta123,"even real-root Weyl transport s_k(delta123)=C_{k,3}; parity preserved from delta123:29|93",8c2f60a875cf0a86
C_3_3.odd.040,C_3_3,"C_{3,3}",1,1,3,odd,40,target_reference_basis,weyl_transport,weyl_transport_from_delta123,"even real-root Weyl transport s_k(delta123)=C_{k,3}; parity preserved from delta123:29|93",ef2dca269627ee36
C_3_3.odd.041,C_3_3,"C_{3,3}",1,1,3,odd,41,target_reference_basis,weyl_transport,weyl_transport_from_delta123,"even real-root Weyl transport s_k(delta123)=C_{k,3}; parity preserved from delta123:29|93",eef5bbbaf4859704
C_3_3.odd.042,C_3_3,"C_{3,3}",1,1,3,odd,42,target_reference_basis,weyl_transport,weyl_transport_from_delta123,"even real-root Weyl transport s_k(delta123)=C_{k,3}; parity preserved from delta123:29|93",3b911a1a8f2253ba
C_3_3.odd.043,C_3_3,"C_{3,3}",1,1,3,odd,43,target_reference_basis,weyl_transport,weyl_transport_from_delta123,"even real-root Weyl transport s_k(delta123)=C_{k,3}; parity preserved from delta123:29|93",d97fc3e24f920885
C_3_3.odd.044,C_3_3,"C_{3,3}",1,1,3,odd,44,target_reference_basis,weyl_transport,weyl_transport_from_delta123,"even real-root Weyl transport s_k(delta123)=C_{k,3}; parity preserved from delta123:29|93",9cb0fe435a15d985
C_3_3.odd.045,C_3_3,"C_{3,3}",1,1,3,odd,45,target_reference_basis,weyl_transport,weyl_transport_from_delta123,"even real-root Weyl transport s_k(delta123)=C_{k,3}; parity preserved from delta123:29|93",09361adf54f01bc6
C_3_3.odd.046,C_3_3,"C_{3,3}",1,1,3,odd,46,target_reference_basis,weyl_transport,weyl_transport_from_delta123,"even real-root Weyl transport s_k(delta123)=C_{k,3}; parity preserved from delta123:29|93",bffa888f828598ae
C_3_3.odd.047,C_3_3,"C_{3,3}",1,1,3,odd,47,target_reference_basis,weyl_transport,weyl_transport_from_delta123,"even real-root Weyl transport s_k(delta123)=C_{k,3}; parity preserved from delta123:29|93",6bba60a81ae08883
C_3_3.odd.048,C_3_3,"C_{3,3}",1,1,3,odd,48,target_reference_basis,weyl_transport,weyl_transport_from_delta123,"even real-root Weyl transport s_k(delta123)=C_{k,3}; parity preserved from delta123:29|93",255470913886137a
C_3_3.odd.049,C_3_3,"C_{3,3}",1,1,3,odd,49,target_reference_basis,weyl_transport,weyl_transport_from_delta123,"even real-root Weyl transport s_k(delta123)=C_{k,3}; parity preserved from delta123:29|93",4d51319571382eda
C_3_3.odd.050,C_3_3,"C_{3,3}",1,1,3,odd,50,target_reference_basis,weyl_transport,weyl_transport_from_delta123,"even real-root Weyl transport s_k(delta123)=C_{k,3}; parity preserved from delta123:29|93",8bd60cf7a2a99be1
C_3_3.odd.051,C_3_3,"C_{3,3}",1,1,3,odd,51,target_reference_basis,weyl_transport,weyl_transport_from_delta123,"even real-root Weyl transport s_k(delta123)=C_{k,3}; parity preserved from delta123:29|93",e238c2dddc44e614
C_3_3.odd.052,C_3_3,"C_{3,3}",1,1,3,odd,52,target_reference_basis,weyl_transport,weyl_transport_from_delta123,"even real-root Weyl transport s_k(delta123)=C_{k,3}; parity preserved from delta123:29|93",d58e7c7c1b5af5ed
C_3_3.odd.053,C_3_3,"C_{3,3}",1,1,3,odd,53,target_reference_basis,weyl_transport,weyl_transport_from_delta123,"even real-root Weyl transport s_k(delta123)=C_{k,3}; parity preserved from delta123:29|93",a12bdc47033d372b
C_3_3.odd.054,C_3_3,"C_{3,3}",1,1,3,odd,54,target_reference_basis,weyl_transport,weyl_transport_from_delta123,"even real-root Weyl transport s_k(delta123)=C_{k,3}; parity preserved from delta123:29|93",ce020e6735806d8f
C_3_3.odd.055,C_3_3,"C_{3,3}",1,1,3,odd,55,target_reference_basis,weyl_transport,weyl_transport_from_delta123,"even real-root Weyl transport s_k(delta123)=C_{k,3}; parity preserved from delta123:29|93",0fbba7bda6e4a2c1
C_3_3.odd.056,C_3_3,"C_{3,3}",1,1,3,odd,56,target_reference_basis,weyl_transport,weyl_transport_from_delta123,"even real-root Weyl transport s_k(delta123)=C_{k,3}; parity preserved from delta123:29|93",d0e4f8589c6ecf9b
C_3_3.odd.057,C_3_3,"C_{3,3}",1,1,3,odd,57,target_reference_basis,weyl_transport,weyl_transport_from_delta123,"even real-root Weyl transport s_k(delta123)=C_{k,3}; parity preserved from delta123:29|93",91f3120005e0158e
C_3_3.odd.058,C_3_3,"C_{3,3}",1,1,3,odd,58,target_reference_basis,weyl_transport,weyl_transport_from_delta123,"even real-root Weyl transport s_k(delta123)=C_{k,3}; parity preserved from delta123:29|93",cc64d717948f4f4a
C_3_3.odd.059,C_3_3,"C_{3,3}",1,1,3,odd,59,target_reference_basis,weyl_transport,weyl_transport_from_delta123,"even real-root Weyl transport s_k(delta123)=C_{k,3}; parity preserved from delta123:29|93",b14cfaf97bf6f668
C_3_3.odd.060,C_3_3,"C_{3,3}",1,1,3,odd,60,target_reference_basis,weyl_transport,weyl_transport_from_delta123,"even real-root Weyl transport s_k(delta123)=C_{k,3}; parity preserved from delta123:29|93",074c65d96f841d90
C_3_3.odd.061,C_3_3,"C_{3,3}",1,1,3,odd,61,target_reference_basis,weyl_transport,weyl_transport_from_delta123,"even real-root Weyl transport s_k(delta123)=C_{k,3}; parity preserved from delta123:29|93",e52c21ded1480efd
C_3_3.odd.062,C_3_3,"C_{3,3}",1,1,3,odd,62,target_reference_basis,weyl_transport,weyl_transport_from_delta123,"even real-root Weyl transport s_k(delta123)=C_{k,3}; parity preserved from delta123:29|93",423501ef455a202d
C_3_3.odd.063,C_3_3,"C_{3,3}",1,1,3,odd,63,target_reference_basis,weyl_transport,weyl_transport_from_delta123,"even real-root Weyl transport s_k(delta123)=C_{k,3}; parity preserved from delta123:29|93",4c16861f9aac2cda
C_3_3.odd.064,C_3_3,"C_{3,3}",1,1,3,odd,64,target_reference_basis,weyl_transport,weyl_transport_from_delta123,"even real-root Weyl transport s_k(delta123)=C_{k,3}; parity preserved from delta123:29|93",ba7318958515c6f8
C_3_3.odd.065,C_3_3,"C_{3,3}",1,1,3,odd,65,target_reference_basis,weyl_transport,weyl_transport_from_delta123,"even real-root Weyl transport s_k(delta123)=C_{k,3}; parity preserved from delta123:29|93",80b3dc9feaa8d9ac
C_3_3.odd.066,C_3_3,"C_{3,3}",1,1,3,odd,66,target_reference_basis,weyl_transport,weyl_transport_from_delta123,"even real-root Weyl transport s_k(delta123)=C_{k,3}; parity preserved from delta123:29|93",1005b2bfe30665db
C_3_3.odd.067,C_3_3,"C_{3,3}",1,1,3,odd,67,target_reference_basis,weyl_transport,weyl_transport_from_delta123,"even real-root Weyl transport s_k(delta123)=C_{k,3}; parity preserved from delta123:29|93",be941c369ca8015c
C_3_3.odd.068,C_3_3,"C_{3,3}",1,1,3,odd,68,target_reference_basis,weyl_transport,weyl_transport_from_delta123,"even real-root Weyl transport s_k(delta123)=C_{k,3}; parity preserved from delta123:29|93",7927f4b1ca572f34
C_3_3.odd.069,C_3_3,"C_{3,3}",1,1,3,odd,69,target_reference_basis,weyl_transport,weyl_transport_from_delta123,"even real-root Weyl transport s_k(delta123)=C_{k,3}; parity preserved from delta123:29|93",51518faef66d7eec
C_3_3.odd.070,C_3_3,"C_{3,3}",1,1,3,odd,70,target_reference_basis,weyl_transport,weyl_transport_from_delta123,"even real-root Weyl transport s_k(delta123)=C_{k,3}; parity preserved from delta123:29|93",e4c1b0d66d05b055
C_3_3.odd.071,C_3_3,"C_{3,3}",1,1,3,odd,71,target_reference_basis,weyl_transport,weyl_transport_from_delta123,"even real-root Weyl transport s_k(delta123)=C_{k,3}; parity preserved from delta123:29|93",e94057f52b58c320
C_3_3.odd.072,C_3_3,"C_{3,3}",1,1,3,odd,72,target_reference_basis,weyl_transport,weyl_transport_from_delta123,"even real-root Weyl transport s_k(delta123)=C_{k,3}; parity preserved from delta123:29|93",455f8b715bc54503
C_3_3.odd.073,C_3_3,"C_{3,3}",1,1,3,odd,73,target_reference_basis,weyl_transport,weyl_transport_from_delta123,"even real-root Weyl transport s_k(delta123)=C_{k,3}; parity preserved from delta123:29|93",f2ebc1bc6b5720e3
C_3_3.odd.074,C_3_3,"C_{3,3}",1,1,3,odd,74,target_reference_basis,weyl_transport,weyl_transport_from_delta123,"even real-root Weyl transport s_k(delta123)=C_{k,3}; parity preserved from delta123:29|93",c494478d71d3cd6a
C_3_3.odd.075,C_3_3,"C_{3,3}",1,1,3,odd,75,target_reference_basis,weyl_transport,weyl_transport_from_delta123,"even real-root Weyl transport s_k(delta123)=C_{k,3}; parity preserved from delta123:29|93",7342bd201dde088b
C_3_3.odd.076,C_3_3,"C_{3,3}",1,1,3,odd,76,target_reference_basis,weyl_transport,weyl_transport_from_delta123,"even real-root Weyl transport s_k(delta123)=C_{k,3}; parity preserved from delta123:29|93",e407c6c62f83211e
C_3_3.odd.077,C_3_3,"C_{3,3}",1,1,3,odd,77,target_reference_basis,weyl_transport,weyl_transport_from_delta123,"even real-root Weyl transport s_k(delta123)=C_{k,3}; parity preserved from delta123:29|93",16353a3967138943
C_3_3.odd.078,C_3_3,"C_{3,3}",1,1,3,odd,78,target_reference_basis,weyl_transport,weyl_transport_from_delta123,"even real-root Weyl transport s_k(delta123)=C_{k,3}; parity preserved from delta123:29|93",509ae17b1f926016
C_3_3.odd.079,C_3_3,"C_{3,3}",1,1,3,odd,79,target_reference_basis,weyl_transport,weyl_transport_from_delta123,"even real-root Weyl transport s_k(delta123)=C_{k,3}; parity preserved from delta123:29|93",d039e3bc45045941
C_3_3.odd.080,C_3_3,"C_{3,3}",1,1,3,odd,80,target_reference_basis,weyl_transport,weyl_transport_from_delta123,"even real-root Weyl transport s_k(delta123)=C_{k,3}; parity preserved from delta123:29|93",bc952da2320e3ff5
C_3_3.odd.081,C_3_3,"C_{3,3}",1,1,3,odd,81,target_reference_basis,weyl_transport,weyl_transport_from_delta123,"even real-root Weyl transport s_k(delta123)=C_{k,3}; parity preserved from delta123:29|93",1d4589bd15ff78d7
C_3_3.odd.082,C_3_3,"C_{3,3}",1,1,3,odd,82,target_reference_basis,weyl_transport,weyl_transport_from_delta123,"even real-root Weyl transport s_k(delta123)=C_{k,3}; parity preserved from delta123:29|93",422470cf83b31afd
C_3_3.odd.083,C_3_3,"C_{3,3}",1,1,3,odd,83,target_reference_basis,weyl_transport,weyl_transport_from_delta123,"even real-root Weyl transport s_k(delta123)=C_{k,3}; parity preserved from delta123:29|93",71b32999243a70cd
C_3_3.odd.084,C_3_3,"C_{3,3}",1,1,3,odd,84,target_reference_basis,weyl_transport,weyl_transport_from_delta123,"even real-root Weyl transport s_k(delta123)=C_{k,3}; parity preserved from delta123:29|93",92d3837dbe34a0e9
C_3_3.odd.085,C_3_3,"C_{3,3}",1,1,3,odd,85,target_reference_basis,weyl_transport,weyl_transport_from_delta123,"even real-root Weyl transport s_k(delta123)=C_{k,3}; parity preserved from delta123:29|93",5486cfe20b96d79a
C_3_3.odd.086,C_3_3,"C_{3,3}",1,1,3,odd,86,target_reference_basis,weyl_transport,weyl_transport_from_delta123,"even real-root Weyl transport s_k(delta123)=C_{k,3}; parity preserved from delta123:29|93",394b4ed04417ea68
C_3_3.odd.087,C_3_3,"C_{3,3}",1,1,3,odd,87,target_reference_basis,weyl_transport,weyl_transport_from_delta123,"even real-root Weyl transport s_k(delta123)=C_{k,3}; parity preserved from delta123:29|93",9c911c7044a1dcea
C_3_3.odd.088,C_3_3,"C_{3,3}",1,1,3,odd,88,target_reference_basis,weyl_transport,weyl_transport_from_delta123,"even real-root Weyl transport s_k(delta123)=C_{k,3}; parity preserved from delta123:29|93",07eb57b4ceedbbb2
C_3_3.odd.089,C_3_3,"C_{3,3}",1,1,3,odd,89,target_reference_basis,weyl_transport,weyl_transport_from_delta123,"even real-root Weyl transport s_k(delta123)=C_{k,3}; parity preserved from delta123:29|93",020835583b9ce67f
C_3_3.odd.090,C_3_3,"C_{3,3}",1,1,3,odd,90,target_reference_basis,weyl_transport,weyl_transport_from_delta123,"even real-root Weyl transport s_k(delta123)=C_{k,3}; parity preserved from delta123:29|93",31697b97ccc4e921
C_3_3.odd.091,C_3_3,"C_{3,3}",1,1,3,odd,91,target_reference_basis,weyl_transport,weyl_transport_from_delta123,"even real-root Weyl transport s_k(delta123)=C_{k,3}; parity preserved from delta123:29|93",b008ef90fadf931d
C_3_3.odd.092,C_3_3,"C_{3,3}",1,1,3,odd,92,target_reference_basis,weyl_transport,weyl_transport_from_delta123,"even real-root Weyl transport s_k(delta123)=C_{k,3}; parity preserved from delta123:29|93",0fa8582ce1dc40ec
C_3_3.odd.093,C_3_3,"C_{3,3}",1,1,3,odd,93,target_reference_basis,weyl_transport,weyl_transport_from_delta123,"even real-root Weyl transport s_k(delta123)=C_{k,3}; parity preserved from delta123:29|93",13a986ab8dc55b1f
C_1_4.even.001,C_1_4,"C_{1,4}",4,1,1,even,1,target_reference_basis,weyl_transport,weyl_transport_from_a_ij,"even real-root Weyl transport s_k(a_ij)=C_{k,4}; parity preserved from a_ij:10|0",9b10d3cefa46807f
C_1_4.even.002,C_1_4,"C_{1,4}",4,1,1,even,2,target_reference_basis,weyl_transport,weyl_transport_from_a_ij,"even real-root Weyl transport s_k(a_ij)=C_{k,4}; parity preserved from a_ij:10|0",91c140d4186392f6
C_1_4.even.003,C_1_4,"C_{1,4}",4,1,1,even,3,target_reference_basis,weyl_transport,weyl_transport_from_a_ij,"even real-root Weyl transport s_k(a_ij)=C_{k,4}; parity preserved from a_ij:10|0",11ceea645b8b9ae8
C_1_4.even.004,C_1_4,"C_{1,4}",4,1,1,even,4,target_reference_basis,weyl_transport,weyl_transport_from_a_ij,"even real-root Weyl transport s_k(a_ij)=C_{k,4}; parity preserved from a_ij:10|0",a0643893d95b53a0
C_1_4.even.005,C_1_4,"C_{1,4}",4,1,1,even,5,target_reference_basis,weyl_transport,weyl_transport_from_a_ij,"even real-root Weyl transport s_k(a_ij)=C_{k,4}; parity preserved from a_ij:10|0",5538f9d93f197f0b
C_1_4.even.006,C_1_4,"C_{1,4}",4,1,1,even,6,target_reference_basis,weyl_transport,weyl_transport_from_a_ij,"even real-root Weyl transport s_k(a_ij)=C_{k,4}; parity preserved from a_ij:10|0",e5a335631536fe0a
C_1_4.even.007,C_1_4,"C_{1,4}",4,1,1,even,7,target_reference_basis,weyl_transport,weyl_transport_from_a_ij,"even real-root Weyl transport s_k(a_ij)=C_{k,4}; parity preserved from a_ij:10|0",2c81b21cfff98b3e
C_1_4.even.008,C_1_4,"C_{1,4}",4,1,1,even,8,target_reference_basis,weyl_transport,weyl_transport_from_a_ij,"even real-root Weyl transport s_k(a_ij)=C_{k,4}; parity preserved from a_ij:10|0",fb5c8059d744bac5
C_1_4.even.009,C_1_4,"C_{1,4}",4,1,1,even,9,target_reference_basis,weyl_transport,weyl_transport_from_a_ij,"even real-root Weyl transport s_k(a_ij)=C_{k,4}; parity preserved from a_ij:10|0",1e26ae87e5063ff6
C_1_4.even.010,C_1_4,"C_{1,4}",4,1,1,even,10,target_reference_basis,weyl_transport,weyl_transport_from_a_ij,"even real-root Weyl transport s_k(a_ij)=C_{k,4}; parity preserved from a_ij:10|0",7e1de175a3cdaa68
C_2_4.even.001,C_2_4,"C_{2,4}",1,4,1,even,1,target_reference_basis,weyl_transport,weyl_transport_from_a_ij,"even real-root Weyl transport s_k(a_ij)=C_{k,4}; parity preserved from a_ij:10|0",4bee76cc367ec68d
C_2_4.even.002,C_2_4,"C_{2,4}",1,4,1,even,2,target_reference_basis,weyl_transport,weyl_transport_from_a_ij,"even real-root Weyl transport s_k(a_ij)=C_{k,4}; parity preserved from a_ij:10|0",a12de1f5c75fc83b
C_2_4.even.003,C_2_4,"C_{2,4}",1,4,1,even,3,target_reference_basis,weyl_transport,weyl_transport_from_a_ij,"even real-root Weyl transport s_k(a_ij)=C_{k,4}; parity preserved from a_ij:10|0",13fcce5d91ea1587
C_2_4.even.004,C_2_4,"C_{2,4}",1,4,1,even,4,target_reference_basis,weyl_transport,weyl_transport_from_a_ij,"even real-root Weyl transport s_k(a_ij)=C_{k,4}; parity preserved from a_ij:10|0",68fa91a1af68e4a4
C_2_4.even.005,C_2_4,"C_{2,4}",1,4,1,even,5,target_reference_basis,weyl_transport,weyl_transport_from_a_ij,"even real-root Weyl transport s_k(a_ij)=C_{k,4}; parity preserved from a_ij:10|0",99617484db0e41d6
C_2_4.even.006,C_2_4,"C_{2,4}",1,4,1,even,6,target_reference_basis,weyl_transport,weyl_transport_from_a_ij,"even real-root Weyl transport s_k(a_ij)=C_{k,4}; parity preserved from a_ij:10|0",f3dcbc32f4fc2e38
C_2_4.even.007,C_2_4,"C_{2,4}",1,4,1,even,7,target_reference_basis,weyl_transport,weyl_transport_from_a_ij,"even real-root Weyl transport s_k(a_ij)=C_{k,4}; parity preserved from a_ij:10|0",8e8394c9f7cd0937
C_2_4.even.008,C_2_4,"C_{2,4}",1,4,1,even,8,target_reference_basis,weyl_transport,weyl_transport_from_a_ij,"even real-root Weyl transport s_k(a_ij)=C_{k,4}; parity preserved from a_ij:10|0",4810825ef4bc0839
C_2_4.even.009,C_2_4,"C_{2,4}",1,4,1,even,9,target_reference_basis,weyl_transport,weyl_transport_from_a_ij,"even real-root Weyl transport s_k(a_ij)=C_{k,4}; parity preserved from a_ij:10|0",44b44fa1218e2020
C_2_4.even.010,C_2_4,"C_{2,4}",1,4,1,even,10,target_reference_basis,weyl_transport,weyl_transport_from_a_ij,"even real-root Weyl transport s_k(a_ij)=C_{k,4}; parity preserved from a_ij:10|0",af2af856c61b3a58
C_3_4.even.001,C_3_4,"C_{3,4}",1,1,4,even,1,target_reference_basis,weyl_transport,weyl_transport_from_a_ij,"even real-root Weyl transport s_k(a_ij)=C_{k,4}; parity preserved from a_ij:10|0",0bf9eee619c7fde0
C_3_4.even.002,C_3_4,"C_{3,4}",1,1,4,even,2,target_reference_basis,weyl_transport,weyl_transport_from_a_ij,"even real-root Weyl transport s_k(a_ij)=C_{k,4}; parity preserved from a_ij:10|0",d980b906f48fbb4d
C_3_4.even.003,C_3_4,"C_{3,4}",1,1,4,even,3,target_reference_basis,weyl_transport,weyl_transport_from_a_ij,"even real-root Weyl transport s_k(a_ij)=C_{k,4}; parity preserved from a_ij:10|0",1f2627cee292d884
C_3_4.even.004,C_3_4,"C_{3,4}",1,1,4,even,4,target_reference_basis,weyl_transport,weyl_transport_from_a_ij,"even real-root Weyl transport s_k(a_ij)=C_{k,4}; parity preserved from a_ij:10|0",7606e5747826b8c9
C_3_4.even.005,C_3_4,"C_{3,4}",1,1,4,even,5,target_reference_basis,weyl_transport,weyl_transport_from_a_ij,"even real-root Weyl transport s_k(a_ij)=C_{k,4}; parity preserved from a_ij:10|0",f31d3ba0fa48ba31
C_3_4.even.006,C_3_4,"C_{3,4}",1,1,4,even,6,target_reference_basis,weyl_transport,weyl_transport_from_a_ij,"even real-root Weyl transport s_k(a_ij)=C_{k,4}; parity preserved from a_ij:10|0",e528646f75197182
C_3_4.even.007,C_3_4,"C_{3,4}",1,1,4,even,7,target_reference_basis,weyl_transport,weyl_transport_from_a_ij,"even real-root Weyl transport s_k(a_ij)=C_{k,4}; parity preserved from a_ij:10|0",3dac058c9e68f850
C_3_4.even.008,C_3_4,"C_{3,4}",1,1,4,even,8,target_reference_basis,weyl_transport,weyl_transport_from_a_ij,"even real-root Weyl transport s_k(a_ij)=C_{k,4}; parity preserved from a_ij:10|0",c323960c20be9296
C_3_4.even.009,C_3_4,"C_{3,4}",1,1,4,even,9,target_reference_basis,weyl_transport,weyl_transport_from_a_ij,"even real-root Weyl transport s_k(a_ij)=C_{k,4}; parity preserved from a_ij:10|0",b791f385460392c1
C_3_4.even.010,C_3_4,"C_{3,4}",1,1,4,even,10,target_reference_basis,weyl_transport,weyl_transport_from_a_ij,"even real-root Weyl transport s_k(a_ij)=C_{k,4}; parity preserved from a_ij:10|0",63a645ef4162bb04
